,date,title,url
0,2020-01-21,我国学者在蚊媒病毒传播新机制研究方面取得新进展,/publish/portal0/tab448/info77358.htm
2,2020-01-19,我国科学家在甲烷低温转化研究中取得重要进展,/publish/portal0/tab448/info77322.htm
4,2020-01-19,我国科学家证实二维冰的存在并揭示其生长机制,/publish/portal0/tab448/info77321.htm
6,2020-01-13,我国学者在氮气助催化研究方面取得新进展,/publish/portal0/tab448/info77194.htm
8,2020-01-13,我国学者在单原子量子操控及腔量子电动力学方面取得新进展,/publish/portal0/tab448/info77193.htm
10,2020-01-08,我国学者在光纤单分子检测研究方面取得新进展,/publish/portal0/tab448/info77166.htm
12,2020-01-08,我国学者在病原菌与宿主相互作用机制方面取得新进展,/publish/portal0/tab448/info77165.htm
14,2020-01-08,我国学者证实“临界冰核”存在,/publish/portal0/tab448/info77164.htm
16,2020-01-08,我国科学家首次观测到稀土离子4f电子云的形状,/publish/portal0/tab448/info77160.htm
18,2020-01-08,我国学者在超分子组装合成新型半导体纳米线气敏材料研究方面取得新进展,/publish/portal0/tab448/info77159.htm
20,2020-01-08,我国学者在骨关节炎发生机制研究领域取得新进展,/publish/portal0/tab448/info77158.htm
22,2020-01-07,我国学者观测到范德瓦尔斯层间堆叠结构对二维磁性的调控,/publish/portal0/tab448/info77154.htm
24,2020-01-07,我国学者在超分辨显微成像方面取得新进展,/publish/portal0/tab448/info77153.htm
26,2019-12-26,我国学者在大气环境研究领域取得新进展,/publish/portal0/tab448/info77089.htm
28,2019-12-26,我国学者在非晶合金析氢催化领域取得新进展,/publish/portal0/tab448/info77088.htm
30,2019-12-26,我国学者在麻醉诱导的意识消失机制研究领域取得新进展,/publish/portal0/tab448/info77087.htm
32,2019-12-26,我国学者在博弈动力学研究方面取得重要突破,/publish/portal0/tab448/info77086.htm
34,2019-12-25,我国科学家创造32.35特斯拉全球最高磁场超导磁体,/publish/portal0/tab448/info77027.htm
36,2019-12-25,我国学者在氮化反应领域取得新突破,/publish/portal0/tab448/info77026.htm
38,2019-12-25,我国学者在鱼类远缘杂交研究领域取得新进展,/publish/portal0/tab448/info77025.htm
40,2019-12-25,我国学者在光热材料研究领域取得新进展,/publish/portal0/tab448/info77024.htm
42,2019-12-19,我国学者在二维电子器件研究方面取得重要进展,/publish/portal0/tab448/info76995.htm
44,2019-12-18,我国学者在晚二叠世-早三叠世火山作用与生物绝灭关系研究方面取得重要进展,/publish/portal0/tab448/info76988.htm
46,2019-12-18,我国学者对儿童结肠炎及炎症性肠病的研究方面取得重要进展,/publish/portal0/tab448/info76987.htm
48,2019-12-17,我国学者在CO2加氢制甲醇反应机理方面取得重要进展,/publish/portal0/tab448/info76971.htm
50,2019-12-09,我国学者在金动态团簇相变催化研究方面取得重要进展,/publish/portal0/tab448/info76703.htm
52,2019-12-09,我国学者揭示大脑皮层环路调控的新机制,/publish/portal0/tab448/info76702.htm
54,2019-12-03,我国学者首次合成碳纳米锥分子,/publish/portal0/tab448/info76674.htm
56,2019-11-28,我国学者在时空相干电子源领域取得重要进展,/publish/portal0/tab448/info76665.htm
58,2019-11-28,我国学者在关节炎研究领域取得重要进展,/publish/portal0/tab448/info76667.htm
60,2019-11-28,我国学者在燃料电池催化材料服役与失效研究领域取得重要进展,/publish/portal0/tab448/info76666.htm
62,2019-11-27,我国学者在碳氢键的精准转化研究中取得新突破,/publish/portal0/tab448/info76656.htm
64,2019-11-21,我国学者在光矢量分析方法研究方面取得重要进展,/publish/portal0/tab448/info76649.htm
66,2019-11-20,我国学者在日冕加热研究领域取得重要进展,/publish/portal0/tab448/info76641.htm
68,2019-11-20,我国学者在高温超导量子相变领域取得新进展,/publish/portal0/tab448/info76640.htm
70,2019-11-20,我国学者在关键矿产资源可持续管理研究方面取得新进展,/publish/portal0/tab448/info76639.htm
72,2019-11-20,我国学者在北半球夏季高温成因研究方面取得新进展,/publish/portal0/tab448/info76638.htm
74,2019-11-12,我国学者在二维高温超导体研究中取得重要进展,/publish/portal0/tab448/info76564.htm
76,2019-11-08,我国学者揭示湖泊硅藻生物硅的重要“铝汇”作用,/publish/portal0/tab448/info76561.htm
78,2019-11-08,我国学者揭示侏罗纪东亚干旱化的可能新机制,/publish/portal0/tab448/info76560.htm
80,2019-11-08,我国学者在导模共振态研究方面取得重要进展,/publish/portal0/tab448/info76559.htm
82,2019-11-06,我国学者通过合作研究揭示用于髓系白血病治疗的潜在新靶点,/publish/portal0/tab448/info76548.htm
84,2019-11-06,我国科研人员揭示T细胞调控焦虑症状的分子机制,/publish/portal0/tab448/info76547.htm
86,2019-11-04,我国学者在代谢性心脏病研究领域取得新进展,/publish/portal0/tab448/info76545.htm
88,2019-11-04,我国学者在铁电单晶薄膜的超弹性行为研究领域取得新进展,/publish/portal0/tab448/info76543.htm
90,2019-10-31,我国科学家在RNA荧光成像技术前沿领域取得重大进展,/publish/portal0/tab448/info76540.htm
92,2019-10-29,我国学者在无金属导向碳氢活化领域取得突破,/publish/portal0/tab448/info76535.htm
94,2019-10-29,我国学者在无机材料合成领域取得重要研究进展,/publish/portal0/tab448/info76534.htm
96,2019-10-29,我国学者在不对称碳–碳键偶联领域取得重要研究进展,/publish/portal0/tab448/info76533.htm
98,2019-10-29,我国学者在骨再生材料研究领域取得重要进展,/publish/portal0/tab448/info76532.htm
100,2019-10-29,我国学者在克里吉大气化学研究领域取得新进展,/publish/portal0/tab448/info76531.htm
102,2019-10-25,我国学者在电解水析氢催化材料研究领域取得新进展,/publish/portal0/tab448/info76523.htm
104,2019-10-25,我国科学家在分子碰撞传能动力学研究中取得重要进展,/publish/portal0/tab448/info76522.htm
106,2019-10-22,我国学者在土壤线虫生物多样性研究领域取得重要进展,/publish/portal0/tab448/info76477.htm
108,2019-10-17,我国学者发现高熵合金强韧化新机制,/publish/portal0/tab448/info76465.htm
110,2019-10-16,我国学者在引力波事件光学对应体研究方面取得重要进展,/publish/portal0/tab448/info76463.htm
112,2019-10-14,我国学者发现自然界新矿物—太平石,/publish/portal0/tab448/info76460.htm
114,2019-10-14,我国学者揭示焦虑发生新机制,/publish/portal0/tab448/info76459.htm
116,2019-10-11,我国学者在“一带一路”太阳能潜力与合作开发方面取得重要进展,/publish/portal0/tab448/info76452.htm
118,2019-10-08,我国学者发现质子宇宙线新的能谱结构,/publish/portal0/tab448/info76444.htm
120,2019-10-08,我国学者研制出肿瘤高效渗透、高疗效的新型纳米药物,/publish/portal0/tab448/info76443.htm
122,2019-09-27,我国学者在肠道菌群引发非酒精性脂肪肝的发病机制领域取得重要进展,/publish/portal0/tab448/info76362.htm
124,2019-09-26,我国学者在近零指数器件及其基片集成方面取得重要进展,/publish/portal0/tab448/info76358.htm
126,2019-09-23,我国学者揭示人T细胞受体-共受体复合物组装的分子机制,/publish/portal0/tab448/info76350.htm
128,2019-09-23,我国学者在心肌细胞DNA损伤和修复机制方面取得重要进展,/publish/portal0/tab448/info76349.htm
130,2019-09-19,我国学者在超分辨光学显微镜领域取得重要进展,/publish/portal0/tab448/info76337.htm
132,2019-09-18,我国学者在金属玻璃材料抗老化研究方面取得重要进展,/publish/portal0/tab448/info76335.htm
134,2019-09-18,我国学者在量子点太阳能电池原位研究方面取得重要进展,/publish/portal0/tab448/info76334.htm
136,2019-09-18,我国科学家在钙钛矿光伏稳定性研究方面取得重要进展,/publish/portal0/tab448/info76333.htm
138,2019-09-12,我国学者在肺纤维化发病的分子机制研究方面取得突破性进展,/publish/portal0/tab448/info76322.htm
140,2019-09-12,我国学者在超大质量黑洞吸积物理研究中取得重要进展,/publish/portal0/tab448/info76321.htm
142,2019-09-06,我国学者在新型二维反范特霍夫/勒贝尔阵列AlB6−ptAl−array纳米片的研究中取得重要进展,/publish/portal0/tab448/info76312.htm
144,2019-09-06,我国学者在胞内非标记纳米颗粒示踪方面取得重要进展,/publish/portal0/tab448/info76311.htm
146,2019-09-03,我国学者在自闭症社交障碍发生机制研究方面取得重要进展,/publish/portal0/tab448/info76290.htm
148,2019-08-27,我国学者在相变存储异质结研究方面取得重要进展,/publish/portal0/tab448/info76267.htm
150,2019-08-27,我国学者在针刺敏化穴抗心绞痛研究方面取得重要进展,/publish/portal0/tab448/info76266.htm
152,2019-08-27,我国学者在缺血性心力衰竭的免疫发病机制领域取得重要进展,/publish/portal0/tab448/info76265.htm
154,2019-08-26,我国学者在团簇基能源光催化领域取得重要进展,/publish/portal0/tab448/info76259.htm
156,2019-08-19,我国学者实现20个超导量子比特的薛定谔猫态纠缠,/publish/portal0/tab448/info76244.htm
158,2019-08-15,我国学者在无机钙钛矿太阳能电池研究方面取得重要进展,/publish/portal0/tab448/info76216.htm
160,2019-08-08,我国学者在重要星际分子一氧化碳的光解离研究中取得重要进展,/publish/portal0/tab448/info76182.htm
162,2019-07-26,我国学者在太古宙早期深部地幔成分不均一性方面取得重要进展,/publish/portal0/tab448/info76157.htm
164,2019-07-25,我国学者在柔性混合电子及其数字医疗应用研究中取得系列重要进展,/publish/portal0/tab448/info76151.htm
166,2019-07-25,我国学者在金属镁塑性变形研究领域取得新进展,/publish/portal0/tab448/info76150.htm
168,2019-07-25,我国学者在金属弹热材料研究领域取得新进展,/publish/portal0/tab448/info76149.htm
170,2019-07-19,我国学者在纳米环境暴露与毒理研究方面取得重要进展,/publish/portal0/tab448/info76129.htm
172,2019-07-08,我国学者在奇特强子态理论研究中取得重要进展,/publish/portal0/tab448/info76106.htm
174,2019-06-14,我国学者在中药复方物质基础和中药配伍机制研究方面取得重要进展,/publish/portal0/tab448/info76048.htm
176,2019-06-12,我国学者在量子存储研究方面取得重要进展,/publish/portal0/tab448/info76029.htm
178,2019-06-11,我国学者在功能材料冶金物理化学方面取得重要进展,/publish/portal0/tab448/info76023.htm
180,2019-06-04,我国学者在低温等离子体物理领域取得重要进展,/publish/portal0/tab448/info76013.htm
182,2019-06-04,我国学者发展基于“邻近脱笼”策略的蛋白质原位激活技术,/publish/portal0/tab448/info76012.htm
184,2019-05-29,我国学者在分子超快成像研究方面取得重要进展,/publish/portal0/tab448/info75987.htm
186,2019-05-24,我国学者实验观测到三维量子霍尔效应,/publish/portal0/tab448/info75984.htm
188,2019-05-23,我国学者在解析胃炎癌转化单细胞网络方面取得重要进展,/publish/portal0/tab448/info75974.htm
190,2019-05-23,我国科学家在沸石分子筛催化反应机理研究方面取得重要进展,/publish/portal0/tab448/info75973.htm
192,2019-05-16,我国学者在片上集成光学频率梳研究领域取得重要进展,/publish/portal0/tab448/info75956.htm
194,2019-05-16,我国学者利用高通量材料设计方法成功获取高温非晶合金,/publish/portal0/tab448/info75955.htm
196,2019-05-13,国家自然科学基金重大项目“乙型肝炎病毒逃逸免疫反应的细胞和分子机制研究”结题并取得重要进展,/publish/portal0/tab448/info75943.htm
198,2019-05-10,我国学者在心脏外科围手术期心肌保护研究领域取得重要进展,/publish/portal0/tab448/info75914.htm
200,2019-05-08,我国学者提出相对论自旋极化电子束制备新方案,/publish/portal0/tab448/info75893.htm
202,2019-05-08,我国学者在拓扑光电探测研究中取得重要进展,/publish/portal0/tab448/info75891.htm
204,2019-05-08,我国学者在印度-欧亚碰撞过程研究方面取得新进展,/publish/portal0/tab448/info75890.htm
206,2019-05-08,我国学者在骨关节炎治疗方面取得重要研究进展,/publish/portal0/tab448/info75889.htm
208,2019-05-05,我国学者在矿物转化太阳能光电效应领域取得重要进展,/publish/portal0/tab448/info75886.htm
210,2019-05-05,我国学者在量子纠缠光源研究领域取得重要进展,/publish/portal0/tab448/info75885.htm
212,2019-04-24,我国学者发现首例磁星驱动的X射线暂现源,/publish/portal0/tab448/info75839.htm
214,2019-04-24,我国学者在大气污染控制化学研究方面取得重要进展,/publish/portal0/tab448/info75838.htm
216,2019-04-23,我国学者在超分子耗散自组装材料领域取得重要进展,/publish/portal0/tab448/info75832.htm
218,2019-04-19,我国学者在细胞能量代谢调控领域研究取得重要进展,/publish/portal0/tab448/info75811.htm
220,2019-04-19,我国学者在组织工程半月板研究领域取得重要进展,/publish/portal0/tab448/info75810.htm
222,2019-04-19,我国学者在放射性核素分离领域取得重要进展,/publish/portal0/tab448/info75809.htm
224,2019-04-19,我国学者发现伊豆－小笠原俯冲带太平洋板片在地幔过渡带发生撕裂和反转,/publish/portal0/tab448/info75808.htm
226,2019-04-19,我国学者在烷烃厌氧氧化研究方面取得重要进展,/publish/portal0/tab448/info75807.htm
228,2019-04-19,我国学者在物理不可克隆函数芯片领域取得重要进展,/publish/portal0/tab448/info75806.htm
230,2019-04-19,我国学者在骨质疏松研究领域取得重要进展,/publish/portal0/tab448/info75805.htm
232,2019-04-12,我国学者在环境污染控制界面化学研究方面取得重要进展,/publish/portal0/tab448/info75699.htm
234,2019-04-12,我国学者在细颗粒物溯源方面取得重要进展,/publish/portal0/tab448/info75698.htm
236,2019-04-12,我国学者在赤道太平洋气候演变研究方面取得重要进展,/publish/portal0/tab448/info75697.htm
238,2019-04-12,我国学者在生态系统服务权衡协调方法研究方面取得重要进展,/publish/portal0/tab448/info75696.htm
240,2019-04-08,我国学者在肺动脉高压外科治疗领域取得重要进展,/publish/portal0/tab448/info75556.htm
242,2019-04-08,我国科学家发现氨减排在降低大气污染的同时会加剧酸雨——中国氨减排计划需分区域制定,/publish/portal0/tab448/info75555.htm
244,2019-04-04,我国学者在塑晶材料中发现庞压卡效应,/publish/portal0/tab448/info75548.htm
246,2019-04-04,我国学者在可见光催化反应领域取得重要突破,/publish/portal0/tab448/info75547.htm
248,2019-03-29,中国科学家实验发现新型手性费米子,/publish/portal0/tab448/info75541.htm
250,2019-03-26,我国学者发现具有超高电导率的砷化铌纳米带,/publish/portal0/tab448/info75527.htm
252,2019-03-26,我国学者发现天然产物生物合成中的酶催化[6+4]周环反应,/publish/portal0/tab448/info75526.htm
254,2019-03-26,我国学者在CO<sub>2</sub>加氢制甲醇催化剂作用机制研究方面取得重要进展,/publish/portal0/tab448/info75525.htm
256,2019-03-26,“视听觉信息的认知计算”重大研究计划提升我国认知计算原始创新能力助推国家人工智能发展战略,/publish/portal0/tab448/info75524.htm
258,2019-03-20,我国学者提出介观聚合物新材料体系,/publish/portal0/tab448/info75515.htm
260,2019-03-20,我国学者在分子压电固溶体领域取得重要进展,/publish/portal0/tab448/info75514.htm
262,2019-03-20,我国学者在纳米水处理化学方面取得重要进展,/publish/portal0/tab448/info75513.htm
264,2019-03-20,“单量子态的探测及相互作用”重大研究计划提升我国量子科学领域基础创新能力,/publish/portal0/tab448/info75512.htm
266,2019-03-20,＂纳米制造的基础研究＂重大研究计划系列成果汇报,/publish/portal0/tab448/info75511.htm
268,2019-03-18,我国学者在非液体环境光驱动研究中取得重要进展,/publish/portal0/tab448/info75503.htm
270,2019-03-18,我国学者揭示日地空间电子尺度磁洞的形态与机制,/publish/portal0/tab448/info75502.htm
272,2019-03-18,我国学者发现世界首例有机单分子对映体铁电体,/publish/portal0/tab448/info75501.htm
274,2019-03-18,我国学者在骨关节炎研究领域取得重要进展,/publish/portal0/tab448/info75500.htm
276,2019-03-14,我国学者在隐藏自旋轨道耦合研究中取得重要进展,/publish/portal0/tab448/info75485.htm
278,2019-03-14,我国学者在缺血性卒中的神经免疫炎症机制研究方面取得重要进展,/publish/portal0/tab448/info75484.htm
280,2019-03-11,中外科学家在气溶胶间接气候效应研究方面取得突破性进展,/publish/portal0/tab448/info75456.htm
282,2019-03-11,我国学者合作研究在实现哺乳动物裸眼获得红外图像视觉能力上取得重要进展,/publish/portal0/tab448/info75455.htm
284,2019-03-05,我国学者在骨骼干细胞与骨肉瘤发生机制研究方面取得重要进展,/publish/portal0/tab448/info75403.htm
286,2019-03-05,我国学者在材料拓扑性质判定及预测研究中取得重要进展,/publish/portal0/tab448/info75402.htm
288,2019-03-05,我国学者在兼具高亮度高效率的量子点发光二极管(QLED)研究领域取得重要进展,/publish/portal0/tab448/info75401.htm
290,2019-03-05,我国科学家在昆虫食性研究方面取得重要进展,/publish/portal0/tab448/info75400.htm
292,2019-02-28,中国学者在晶体材料超声速螺位错研究中取得重要进展,/publish/portal0/tab448/info75365.htm
294,2019-02-28,我国科学家在炎症性肠病调控机制和药物干预方面取得重要进展,/publish/portal0/tab448/info75364.htm
296,2019-02-26,我国科学家揭示精子发生过程中染色质高级结构“重编程”模式,/publish/portal0/tab448/info75357.htm
298,2019-02-26,我国青年学者在镜像基因转录与反转录系统取得新进展,/publish/portal0/tab448/info75356.htm
300,2019-02-26,我国学者合作研究在血管新生的网络调控机制方面取得重要进展,/publish/portal0/tab448/info75355.htm
302,2019-02-26,我国科研人员发现调控小脑发育新型关键信号分子,/publish/portal0/tab448/info75354.htm
304,2019-02-22,我国学者发明新型纳米晶铁电材料结构,/publish/portal0/tab448/info75348.htm
306,2019-02-21,我国学者在揭示中更新世气候转型方面取得新进展,/publish/portal0/tab448/info75344.htm
308,2019-02-21,厦门大学在基于量子干涉的单分子电子器件研究方面取得重要进展,/publish/portal0/tab448/info75343.htm
310,2019-02-21,我国学者在二维材料垂直异质结器件研究方面取得重要进展,/publish/portal0/tab448/info75342.htm
312,2019-02-18,我国科学家在疼痛敏感性预测方面取得重要进展,/publish/portal0/tab448/info75328.htm
314,2019-02-18,我国学者在颅脑创伤调查研究方面取得重要进展,/publish/portal0/tab448/info75329.htm
316,2019-02-18,我国学者在宽吸收线类星体外流研究方面取得重要进展,/publish/portal0/tab448/info75327.htm
318,2019-02-18,我国学者在系外行星研究方面取得重要进展,/publish/portal0/tab448/info75326.htm
320,2019-02-18,我国学者在膜结晶连续传质精确控制和应用领域取得重要进展,/publish/portal0/tab448/info75325.htm
322,2019-02-02,我国学者在高效去除H<sub>2</sub>中微量CO方面取得突破性进展,/publish/portal0/tab448/info75267.htm
324,2019-02-01,我国学者在非富勒烯有机太阳能电池领域取得突破性进展,/publish/portal0/tab448/info75205.htm
326,2019-02-01,我国学者在金属纳米材料晶界迁移研究领域取得新进展,/publish/portal0/tab448/info75204.htm
328,2019-02-01,清华-伯克利深圳学院在二维材料电催化剂研究中取得新进展,/publish/portal0/tab448/info75203.htm
330,2019-02-01,我国科学家揭示植物衰老调控的新机制,/publish/portal0/tab448/info75202.htm
332,2019-02-01,我国科学家在鸟类性选择研究方面取得新进展,/publish/portal0/tab448/info75201.htm
334,2019-02-01,超冷原子分子量子模拟在化学物理研究中取得实质性突破,/publish/portal0/tab448/info75200.htm
336,2019-02-01,我国科学家在特征模型理论方面取得重要突破,/publish/portal0/tab448/info75199.htm
338,2019-01-30,我国学者在极端气候对植被生产力的影响方面取得进展,/publish/portal0/tab448/info75183.htm
340,2019-01-30,我国科学家揭示肿瘤发生新机制,/publish/portal0/tab448/info75181.htm
342,2019-01-30,我国学者在电催化材料性能调控和机理研究方面取得重要进展,/publish/portal0/tab448/info75180.htm
344,2019-01-30,我国科学家在激光加速领域取得重要进展,/publish/portal0/tab448/info75179.htm
346,2019-01-30,我国学者提出新的先天性脊柱侧凸分子遗传分型,/publish/portal0/tab448/info75178.htm
348,2019-01-24,我国学者发现发热促进免疫细胞迁移的分子机制及其功能,/publish/portal0/tab448/info75119.htm
350,2019-01-24,我国学者在三维光学拓扑绝缘体研究中取得重要进展,/publish/portal0/tab448/info75118.htm
352,2019-01-24,循环经济全球化研究成果在Nature发表,/publish/portal0/tab448/info75117.htm
354,2019-01-24,我国学者在聚合物聚集态微观结构与性能研究领域取得进展,/publish/portal0/tab448/info75116.htm
356,2019-01-17,我国科学家在造血干细胞发育调控领域取得重要突破,/publish/portal0/tab448/info75030.htm
358,2019-01-15,我国科学家发现线粒体调控细胞中蛋白质稳态的新机制,/publish/portal0/tab448/info75021.htm
360,2019-01-15,我国学者在蚊虫对病毒易感性研究方面取得重要进展,/publish/portal0/tab448/info75020.htm
362,2019-01-15,我国学者在重建大气碳-14浓度方面取得重要进展,/publish/portal0/tab448/info75019.htm
364,2019-01-08,我国学者在近红外吸光聚合物太阳电池领域取得重要进展,/publish/portal0/tab448/info74997.htm
366,2019-01-08,我国科学家在交通拥堵模式研究方面取得重要进展,/publish/portal0/tab448/info74998.htm
368,2018-12-29,我国学者发现基于外尔轨道的三维量子霍尔效应,/publish/portal0/tab448/info74963.htm
370,2018-12-29,我国学者在智能电网网络协同优化控制方法与关键技术研究中取得重要进展,/publish/portal0/tab448/info74962.htm
372,2018-12-29,我国学者在短肽自组装机制和结构调控研究方面取得重要进展,/publish/portal0/tab448/info74961.htm
374,2018-12-27,我国学者合作提出一种新型的冷冻电镜三维重构算法,/publish/portal0/tab448/info74764.htm
376,2018-12-27,我国科学家在早期断奶仔猪抗腹泻作用机制方面取得新进展,/publish/portal0/tab448/info74765.htm
378,2018-12-27,我国学者在受体介导病毒入侵的动态机制研究中取得重要进展,/publish/portal0/tab448/info74763.htm
380,2018-12-27,我国学者在中枢神经系统动静脉畸形遗传学研究领域取得重要进展,/publish/portal0/tab448/info74762.htm
382,2018-12-27,我国学者在抗真菌药物发现及克服真菌耐药方面取得重要研究进展,/publish/portal0/tab448/info74761.htm
384,2018-12-20,我国科学家首次观测到化学反应中的“几何相位”效应,/publish/portal0/tab448/info74745.htm
386,2018-12-20,我国学者在古人类适应高海拔极端环境领域取得重要进展,/publish/portal0/tab448/info74739.htm
388,2018-12-19,我国学者在生物质催化转化领域取得重要进展,/publish/portal0/tab448/info74727.htm
390,2018-12-19,我国学者在椎间盘退变机制研究方面取得重要进展,/publish/portal0/tab448/info74726.htm
392,2018-12-19,我国学者在扶正中药生物网络机制研究上取得新进展,/publish/portal0/tab448/info74725.htm
394,2018-12-19,我国学者在低浓度二氧化碳选择性光催化还原研究方面取得重要进展,/publish/portal0/tab448/info74724.htm
396,2018-12-14,我国学者揭示奥司他韦联合西罗莫司治疗重症流感新机制,/publish/portal0/tab448/info74711.htm
398,2018-12-07,我国学者在二维黑磷环境行为研究方面取得重要进展,/publish/portal0/tab448/info74686.htm
400,2018-12-07,我国学者绘制出两个棉花四倍体栽培种的参考基因组,/publish/portal0/tab448/info74685.htm
402,2018-12-07,我国学者在川金丝猴起源和进化历史研究方面取得重要进展,/publish/portal0/tab448/info74684.htm
404,2018-12-07,我国学者在老年性耳聋致病机制研究方面取得重要进展,/publish/portal0/tab448/info74683.htm
406,2018-12-06,我国学者在结构超滑研究领域取得系列重要进展,/publish/portal0/tab448/info74673.htm
408,2018-12-06,我国学者在氮氧化物选择性催化还原研究领域取得重要进展,/publish/portal0/tab448/info74672.htm
410,2018-11-30,我国科学家实现OLED的新突破——高效自由基发光器件,/publish/portal0/tab448/info74659.htm
412,2018-11-30,我国学者在心电信号病理特征波提取和母胎心电分离方面取得重要进展,/publish/portal0/tab448/info74658.htm
414,2018-11-29,我国学者在仿生智能化纳米絮凝剂研究方面取得重要进展,/publish/portal0/tab448/info74651.htm
416,2018-11-29,我国学者揭示兴奋性自突触增强神经元簇状发放新机制,/publish/portal0/tab448/info74650.htm
418,2018-11-29,中国科学家发现YAP/TAZ激活新机制,/publish/portal0/tab448/info74649.htm
420,2018-11-29,我国科学家创造64特斯拉全球最高强度的脉冲平顶磁场,/publish/portal0/tab448/info74648.htm
422,2018-11-28,我国学者揭示PD-L1溶酶体降解的新途径,/publish/portal0/tab448/info74634.htm
424,2018-11-28,中国学者在微腔非线性光学研究中取得重要进展,/publish/portal0/tab448/info74633.htm
426,2018-11-28,我国学者在高熵合金强韧化研究领域取得新进展,/publish/portal0/tab448/info74632.htm
428,2018-11-26,我国学者揭示黑碳光化学老化新机制,/publish/portal0/tab448/info74627.htm
430,2018-11-26,我国学者在精神分裂症药理遗传学研究领域取得重要进展,/publish/portal0/tab448/info74626.htm
432,2018-11-26,我国免疫学者发现自身免疫疾病相关的调控B淋巴细胞活化和分化的新机制,/publish/portal0/tab448/info74625.htm
434,2018-11-26,我国学者在聚合物太阳电池领域取得系列进展,/publish/portal0/tab448/info74624.htm
436,2018-11-26,我国学者在胚胎体轴发育的机理研究方面取得新进展,/publish/portal0/tab448/info74623.htm
438,2018-11-26,中国科学家在造血干细胞归巢研究中取得重要进展,/publish/portal0/tab448/info74622.htm
440,2018-11-26,我国学者在喜马拉雅造山带地质演化研究领域取得新进展,/publish/portal0/tab448/info74621.htm
442,2018-11-16,我国学者在梯度纳米结构材料研究领域取得新进展,/publish/portal0/tab448/info74593.htm
444,2018-11-16,我国科学家在新型磁性二维材料研究中取得重要进展,/publish/portal0/tab448/info74594.htm
446,2018-11-16,我国学者在非晶合金剪切带研究领域取得新进展,/publish/portal0/tab448/info74592.htm
448,2018-11-16,我国学者利用机器学习构建出RNA结合蛋白的剪接调控预测模型,/publish/portal0/tab448/info74591.htm
450,2018-11-16,我国学者在光学多参量成像研究方面取得新进展,/publish/portal0/tab448/info74590.htm
452,2018-11-16,我国学者在日冕仪关键技术方面获得重要突破,/publish/portal0/tab448/info74589.htm
454,2018-11-15,我国科学家发现第三种规律的新型量子振荡,/publish/portal0/tab448/info74578.htm
456,2018-11-15,我国学者在非贵金属电催化材料领域取得重要进展,/publish/portal0/tab448/info74577.htm
458,2018-11-09,我国科学家发现表观遗传组蛋白去乙酰化酶SIRT6的首个变构激动剂,/publish/portal0/tab448/info74565.htm
460,2018-11-09,北京大学焦宁课题组在芳烃到芳胺的高效转化取得新突破,/publish/portal0/tab448/info74564.htm
462,2018-11-07,我国学者发现免疫性血小板减少症的发生新机制及治疗策略,/publish/portal0/tab448/info74560.htm
464,2018-11-07,我国学者发现肠道菌群调控机体糖代谢的新机制,/publish/portal0/tab448/info74559.htm
466,2018-11-07,我国学者在结肠癌发病机制研究方面取得重要进展,/publish/portal0/tab448/info74558.htm
468,2018-10-31,我国科学家在植物受体激酶领域取得新进展,/publish/portal0/tab448/info74534.htm
470,2018-10-31,我国学者揭示觉醒维持的关键机制,/publish/portal0/tab448/info74533.htm
472,2018-10-31,我国科研人员揭示决定卵母细胞质量的新机制,/publish/portal0/tab448/info74532.htm
474,2018-10-31,我国学者在乙烷/乙烯分离研究领域取得重要进展,/publish/portal0/tab448/info74531.htm
476,2018-10-24,我国学者在催化水氧化领域取得重要进展,/publish/portal0/tab448/info74511.htm
478,2018-10-24,我国学者在寻找新的精确宇宙学探针方面取得新进展,/publish/portal0/tab448/info74510.htm
480,2018-10-24,我国学者为调节RNA剪接提供了一个通用的遗传调控平台,/publish/portal0/tab448/info74509.htm
482,2018-10-24,我国科学家揭示反义核糖体小干扰RNA的新功能,/publish/portal0/tab448/info74508.htm
484,2018-10-16,我国学者对脓毒症致死机制的研究取得重要发现,/publish/portal0/tab448/info74483.htm
486,2018-10-12,我国学者在心肌缺血损伤的免疫炎症机制研究方面取得重要进展,/publish/portal0/tab448/info74470.htm
488,2018-10-10,我国科学家揭示一个长非编码RNA-蛋白质复合物生理功能及机理,/publish/portal0/tab448/info74467.htm
490,2018-10-10,我国科学家首次揭示tRNA前体5’端加工成熟机制,/publish/portal0/tab448/info74466.htm
492,2018-10-10,我国学者发现调控非酒精性脂肪性肝炎的新机制,/publish/portal0/tab448/info74465.htm
494,2018-10-10,燕山大学在纳米孪晶金刚石硬度机理的研究中取得重要进展,/publish/portal0/tab448/info74464.htm
496,2018-09-30,我国学者在仿生表界面动态效应机理研究方面取得重要进展,/publish/portal0/tab448/info74427.htm
498,2018-09-28,我国科学家在北大西洋经向翻转环流与全球气候变化研究方面取得突破,/publish/portal0/tab448/info74420.htm
500,2018-09-28,我国学者发现地球核幔边界存在地表碳酸盐的化学“印记”,/publish/portal0/tab448/info74419.htm
502,2018-09-27,碱土金属元素化学键研究取得重要进展,/publish/portal0/tab448/info74402.htm
504,2018-09-27,北京大学刘剑研究员荣获2019年度亚太理论与计算化学家协会“Pople Medal”奖,/publish/portal0/tab448/info74401.htm
506,2018-09-27,我国学者在环境传感分析领域取得重要进展,/publish/portal0/tab448/info74400.htm
508,2018-09-21,我国学者揭示LncRNA调控肿瘤免疫新机制,/publish/portal0/tab448/info74382.htm
510,2018-09-21,我国学者发现抑郁症新的风险基因,/publish/portal0/tab448/info74381.htm
512,2018-09-20,我国学者在有机太阳能电池研究领域取得重要进展,/publish/portal0/tab448/info74369.htm
514,2018-09-20,北京大学网络测量研究取得重要进展,/publish/portal0/tab448/info74368.htm
516,2018-09-17,我国学者在不对称有机催化领域取得重要研究进展,/publish/portal0/tab448/info74356.htm
518,2018-09-12,我国学者在万有引力常数<i>G</i>的精确测量研究中取得重要进展,/publish/portal0/tab448/info74347.htm
520,2018-09-05,我国学者在染色质修饰沉默植物基因表达领域获重要突破,/publish/portal0/tab448/info74330.htm
522,2018-09-05,我国科学家在地球早期生物与环境协同演化研究领域取得重要进展,/publish/portal0/tab448/info74329.htm
524,2018-09-04,我国科学家在罂粟基因组研究中取得重要进展,/publish/portal0/tab448/info74325.htm
526,2018-09-04,我国科研人员开发新型普适高效的碱基编辑器,/publish/portal0/tab448/info74324.htm
528,2018-09-03,我国学者在大气颗粒物新粒子形成机制研究方面取得重要进展,/publish/portal0/tab448/info74320.htm
530,2018-08-20,我国科学家开发新型蛋白质相互作用标记技术,/publish/portal0/tab448/info74289.htm
532,2018-08-17,我国学者在石墨烯纳米环境化学研究方面取得重要进展,/publish/portal0/tab448/info74285.htm
534,2018-08-17,我国学者发现调控“注意”的新型神经元和神经环路,/publish/portal0/tab448/info74284.htm
536,2018-08-17,我国学者成功制备具有高电催化活性的sp-N掺杂的碳材料,/publish/portal0/tab448/info74283.htm
538,2018-08-17,我国学者在近红外荧光寿命活体多重成像研究中取得重要进展,/publish/portal0/tab448/info74282.htm
540,2018-08-13,我国学者在人造单染色体真核细胞方面取得突破,/publish/portal0/tab448/info74220.htm
542,2018-08-13,中国科学家揭示世界上海拔分布最高的蛇类基因组,/publish/portal0/tab448/info74221.htm
544,2018-08-13,我国科研人员在纳米金催化的尺寸效应研究中取得重要进展,/publish/portal0/tab448/info74219.htm
546,2018-08-09,我国科研人员利用LAMOST发现锂丰度最高的巨星,/publish/portal0/tab448/info74210.htm
548,2018-08-09,我国学者在糖尿病促进血管内皮功能损伤的研究中取得重要进展,/publish/portal0/tab448/info74209.htm
550,2018-08-09,我国学者在解析人类不公平厌恶的神经基础研究中取得重要进展,/publish/portal0/tab448/info74208.htm
552,2018-08-09,我国学者在负热膨胀体系铁电研究取得重要进展——“相界面应变”制备出超强铁电薄膜,/publish/portal0/tab448/info74207.htm
554,2018-08-09,我国学者在拓扑声学研究中取得重要进展,/publish/portal0/tab448/info74206.htm
556,2018-08-07,我国学者在近视发病机制研究中取得新进展,/publish/portal0/tab448/info74189.htm
558,2018-08-06,中国学者在甲烷绿色转化领域取得突破性进展,/publish/portal0/tab448/info74183.htm
560,2018-08-01,我国学者成功开发基因编码的神经递质荧光探针提供在体实时记录神经活动的新方法,/publish/portal0/tab448/info74168.htm
562,2018-08-01,我国学者在手性纳米粒子DNA精准剪切方向上取得重要进展,/publish/portal0/tab448/info74167.htm
564,2018-08-01,我国学者在古人类研究领域取得重要进展,/publish/portal0/tab448/info74166.htm
566,2018-07-27,我国学者在北京鸭重要性状遗传机制研究方面取得重要进展,/publish/portal0/tab448/info74152.htm
568,2018-07-27,我国学者在构建标准的物种鉴定体系中取得重要进展,/publish/portal0/tab448/info74151.htm
570,2018-07-27,我国学者在早期陆生植物适应性进化研究中取得重要进展,/publish/portal0/tab448/info74150.htm
572,2018-07-27,我国学者在植物伪装进化研究中取得重要进展,/publish/portal0/tab448/info74149.htm
574,2018-07-24,我国学者在框架核酸诱导精确矿化结构方面取得重要进展,/publish/portal0/tab448/info74102.htm
576,2018-07-24,我国科学家在大气颗粒物新粒子形成机制研究领域取得重要进展,/publish/portal0/tab448/info74101.htm
578,2018-07-23,我国学者在基于生物材料的肿瘤放射免疫联合治疗方面取得进展,/publish/portal0/tab448/info74098.htm
580,2018-07-20,我国学者在骨关节炎研究领域取得重要进展,/publish/portal0/tab448/info74089.htm
582,2018-07-18,我国科学家发现无机钙钛矿的“孪生兄弟”：有机钙钛矿铁电体,/publish/portal0/tab448/info74067.htm
584,2018-07-11,我国学者在储能设备光纤原位检测领域取得重要成果,/publish/portal0/tab448/info74049.htm
586,2018-07-10,我国学者在范德华异质结器件研究方面取得重要进展,/publish/portal0/tab448/info74048.htm
588,2018-07-09,我国学者解析DNA复制起点识别复合物高分辨冷冻电镜结构,/publish/portal0/tab448/info74047.htm
590,2018-07-09,我国学者合作研究在胆固醇代谢机制方面取得重要进展,/publish/portal0/tab448/info74046.htm
592,2018-07-09,我国学者发现铁代谢参与自身免疫性疾病发生的新机制,/publish/portal0/tab448/info74045.htm
594,2018-07-03,我国学者在仿生催化和有机小分子催化研究领域获重要突破,/publish/portal0/tab448/info73960.htm
596,2018-07-03,我国学者在新型泛素化反应的分子机制研究领域取得重要进展,/publish/portal0/tab448/info73958.htm
598,2018-07-03,我国学者在高能效新型晶体管研究领域取得重要进展,/publish/portal0/tab448/info73957.htm
600,2018-07-03,我国科学家首次实验验证手性磁浮子,/publish/portal0/tab448/info73956.htm
602,2018-07-03,我国科学家在暗物质直接探测领域取得重要进展,/publish/portal0/tab448/info73955.htm
604,2018-06-26,我国学者在血管稳态与重构的高血压调控机制研究方面取得重要进展,/publish/portal0/tab448/info73888.htm
606,2018-06-25,我国学者在非晶合金玻璃转变机制研究领域取得新进展,/publish/portal0/tab448/info73883.htm
608,2018-06-14,我国学者在负载型单原子电催化剂研究领域取得重要进展,/publish/portal0/tab448/info73853.htm
610,2018-06-06,我国学者在志贺菌吸附及感染机制研究中取得重要进展,/publish/portal0/tab448/info73823.htm
612,2018-05-30,我国学者在合成型基因组重排领域取得重大突破,/publish/portal0/tab448/info73810.htm
614,2018-05-28,我国学者在高效热电材料研究领域取得新进展,/publish/portal0/tab448/info73800.htm
616,2018-05-28,我国科学家在离子水合和输运领域取得重要进展,/publish/portal0/tab448/info73799.htm
618,2018-05-28,我国学者在神经化学单细胞研究领域取得重要研究进展,/publish/portal0/tab448/info73798.htm
620,2018-05-25,我国学者在陆地表层碳氮过程与全球变化研究领域取得重要进展,/publish/portal0/tab448/info73792.htm
622,2018-05-22,我国学者在超强碳纳米管纤维领域取得重要进展,/publish/portal0/tab448/info73779.htm
624,2018-05-17,我国学者在纳米金属稳定性研究领域取得新进展,/publish/portal0/tab448/info73764.htm
626,2018-05-17,我国学者在表面单团簇合成氨理论研究领域取得重要进展,/publish/portal0/tab448/info73763.htm
628,2018-05-16,我国学者在碳纳米管透明导电薄膜研究方面取得重要进展,/publish/portal0/tab448/info73759.htm
630,2018-05-11,我国学者在非粮生物质制氢方面取得重大突破,/publish/portal0/tab448/info73754.htm
632,2018-05-11,我国学者提出乳腺癌化疗耐药新机制及其逆转方案,/publish/portal0/tab448/info73755.htm
634,2018-05-11,我国学者在超稳定玻璃制备领域取得新进展,/publish/portal0/tab448/info73753.htm
636,2018-05-08,我国学者在铁钼辅酶类似物合成领域取得重要进展,/publish/portal0/tab448/info73745.htm
638,2018-05-03,我国学者在lncRNA调控心肌梗死机制研究方面取得重要进展,/publish/portal0/tab448/info73726.htm
640,2018-04-23,我国学者在零价金属原子催化研究方面取得重要突破,/publish/portal0/tab448/info73692.htm
642,2018-04-20,我国科学家发明超灵敏海森结构光超高分辨率显微镜,/publish/portal0/tab448/info73682.htm
644,2018-04-20,我国学者在地球深部水循环研究中取得重要进展,/publish/portal0/tab448/info73681.htm
646,2018-04-20,细胞自噬在非小细胞肺癌发生发展中的作用研究,/publish/portal0/tab448/info73680.htm
648,2018-04-20,我国学者在长非编码RNA调控细胞DNA修复研究领域取得重要进展,/publish/portal0/tab448/info73679.htm
650,2018-04-17,我国研究者在植物氮素利用研究领域取得新进展,/publish/portal0/tab448/info73670.htm
652,2018-04-17,南开大学陈弓课题组在多肽大环合成领域获重要突破,/publish/portal0/tab448/info73669.htm
654,2018-04-13,我国学者发明准非易失存储技术,/publish/portal0/tab448/info73641.htm
656,2018-04-13,我国科学家揭示乳腺癌表观遗传调控新机制,/publish/portal0/tab448/info73640.htm
658,2018-04-13,中国科学院地理科学与资源研究所在植物根系进化和生物地理学研究中取得重大突破,/publish/portal0/tab448/info73639.htm
660,2018-04-11,我国科学家揭示非编码RNA维持造血干细胞静息态的分子机制,/publish/portal0/tab448/info73631.htm
662,2018-04-11,我国学者揭示农村室内空气污染的健康危害和预防对策,/publish/portal0/tab448/info73632.htm
664,2018-04-11,我国学者提出地球历史上最大一次生命灭绝的新模式,/publish/portal0/tab448/info73630.htm
666,2018-03-28,我国学者在内皮细胞分泌调控血管稳态机制研究方面取得重要进展,/publish/portal0/tab448/info73571.htm
668,2018-03-27,我国学者研究揭示激素无效型免疫性血小板减少的全新发病机制及其临床治疗策略,/publish/portal0/tab448/info73569.htm
670,2018-03-16,我国学者揭示肿瘤组织中T细胞高表达PD-1的新机制,/publish/portal0/tab448/info73481.htm
672,2018-03-16,我国学者在肥胖致血管损伤的机制方面取得重要进展,/publish/portal0/tab448/info73480.htm
674,2018-03-16,我国学者合作研究在肺癌患者分子影像与靶向治疗方面取得重要进展,/publish/portal0/tab448/info73479.htm
676,2018-03-16,我国学者在可耐受超高温存储研究方面取得重要进展,/publish/portal0/tab448/info73478.htm
678,2018-03-16,我国科学家在人类胚胎发育和进化研究中取得重要进展,/publish/portal0/tab448/info73477.htm
680,2018-03-12,我国学者在醛固酮与血管钙化领域研究中取得新进展,/publish/portal0/tab448/info73273.htm
682,2018-03-09,我国学者通过长期野外研究揭示动物社会行为的进化机制,/publish/portal0/tab448/info73265.htm
684,2018-03-09,我国学者在早期节肢动物颚基取食起源研究方面取得新进展,/publish/portal0/tab448/info73259.htm
686,2018-03-09,我国学者在海洋软体动物蛋白质温度适应性研究领域取得重要进展,/publish/portal0/tab448/info73258.htm
688,2018-03-09,"我国学者首次发现海洋异养古菌类群（Marine Group II, MG-II）在富营养河口的持续勃发及机制",/publish/portal0/tab448/info73257.htm
690,2018-03-09,我国学者在抑郁症研究领域获重大进展,/publish/portal0/tab448/info73256.htm
692,2018-03-07,我国学者在重编程再生T细胞领域取得重要进展,/publish/portal0/tab448/info73041.htm
694,2018-03-07,我国学者发现抗哮喘治疗新靶标及其生物学功能,/publish/portal0/tab448/info73040.htm
696,2018-03-07,我国学者在禽流感病毒H5N1发病机制研究方面取得重要进展,/publish/portal0/tab448/info73039.htm
698,2018-03-07,我国学者在酵母DNA复制与姐妹染色单体黏连取得新进展,/publish/portal0/tab448/info73038.htm
700,2018-03-07,我国学者发表基于高通量单细胞转录组测序数据的小鼠全细胞图谱,/publish/portal0/tab448/info73037.htm
702,2018-02-12,我国学者在固态非晶化机制研究领域取得新进展,/publish/portal0/tab448/info72826.htm
704,2018-02-12,我国科学家在超导量子计算和量子模拟领域取得系列重要进展,/publish/portal0/tab448/info72825.htm
706,2018-02-12,我国学者揭示生长信号对基因组稳定性调控的新机制,/publish/portal0/tab448/info72824.htm
708,2018-02-11,我国科学家利用机器学习探索夸克胶子等离子体物理性质,/publish/portal0/tab448/info72813.htm
710,2018-02-11,我国学者在紫外光调控的光形态建成研究中取得突破性进展,/publish/portal0/tab448/info72812.htm
712,2018-02-07,我国学者在植物干细胞的反馈调控领域取得重要进展,/publish/portal0/tab448/info72800.htm
714,2018-02-07,我国科学家揭示可指导材料精准制备的材料取向连接生长机制,/publish/portal0/tab448/info72799.htm
716,2018-02-01,我国学者在弱引力透镜全天模拟方面取得重要进展,/publish/portal0/tab448/info72788.htm
718,2018-01-31,我国学者在Piezo1离子通道三维结构及其精细门控机制解析方面再获进展,/publish/portal0/tab448/info72784.htm
720,2018-01-30,我国学者在月球激光测距方面实现重大突破,/publish/portal0/tab448/info72774.htm
722,2018-01-30,我国学者揭示CD10<sup>+</sup>GPR77<sup>+</sup>成纤维细胞亚群调控肿瘤干细胞新机制,/publish/portal0/tab448/info72772.htm
724,2018-01-26,我国学者合成的多糖分子入选《化学与工程新闻》2017“年度分子”,/publish/portal0/tab448/info72731.htm
726,2018-01-26,我国学者在人类视觉生物运动信息加工及自闭特质的遗传学机制方面取得重要进展,/publish/portal0/tab448/info72730.htm
728,2018-01-25,我国科学家在NK/T细胞淋巴瘤研究方面取得重要进展,/publish/portal0/tab448/info72698.htm
730,2018-01-23,我国学者在线粒体靶向小分子示踪与调控细胞命运研究领域取得重要进展,/publish/portal0/tab448/info72695.htm
732,2018-01-22,我国科学家在细胞囊泡转运调控机制领域取得重要进展,/publish/portal0/tab448/info72694.htm
734,2018-01-22,我国学者利用郭守敬望远镜发现新的系外行星族群,/publish/portal0/tab448/info72693.htm
736,2018-01-19,我国学者在代谢调控T细胞记忆形成和维持机制研究领域取得重要进展,/publish/portal0/tab448/info72680.htm
738,2018-01-19,我国学者在有序大孔单晶材料研究方面取得重要进展,/publish/portal0/tab448/info72674.htm
740,2018-01-17,我国学者在金属形变损伤研究领域取得新进展,/publish/portal0/tab448/info72671.htm
742,2018-01-17,我国学者在NLRP3炎症小体调控领域取得重要进展,/publish/portal0/tab448/info72669.htm
744,2018-01-11,我国学者在腹主动脉瘤发病机制方面的研究取得重要进展,/publish/portal0/tab448/info72629.htm
746,2018-01-11,我国学者发现组蛋白因子调控下胚轴伸长和开花时间,/publish/portal0/tab448/info72628.htm
748,2018-01-05,我国学者在超高速相变存储研究方面取得重要进展,/publish/portal0/tab448/info72610.htm
750,2018-01-05,我国学者合作研究在EB病毒感染上皮细胞机制领域取得重要进展,/publish/portal0/tab448/info72607.htm
752,2018-01-05,我国学者在应激性心脏损伤方面的研究取得重要进展,/publish/portal0/tab448/info72606.htm
754,2018-01-04,我国学者在DNA测序方法与技术上取得重要进展,/publish/portal0/tab448/info72605.htm
756,2017-12-29,我国学者在纳米孪晶金属研究领域取得新进展,/publish/portal0/tab448/info72573.htm
758,2017-12-29,我国学者在中枢神经损伤后慢性期上肢痉挛性偏瘫的治疗方面取得重要进展,/publish/portal0/tab448/info72572.htm
760,2017-12-26,我国学者在超大质量黑洞产生机制方面取得重要进展,/publish/portal0/tab448/info72465.htm
762,2017-12-20,我国学者在骨骼肌再生研究领域取得重要进展,/publish/portal0/tab448/info72446.htm
764,2017-12-20,我国青年学者在植物N<sup>6</sup>-甲基腺嘌呤动态可逆调控研究取得重要进展,/publish/portal0/tab448/info72445.htm
766,2017-12-18,我国学者发现N-乙酰神经氨酸在冠心病发生中的新机制,/publish/portal0/tab448/info72441.htm
768,2017-12-14,我国科学家利用高压条件制备首个兼具大电极化和强磁电耦合的单相多铁性材料,/publish/portal0/tab448/info72417.htm
770,2017-12-14,我国学者利用脑磁图(MEG)技术在视知觉整合神经机制方面取得重要进展,/publish/portal0/tab448/info72416.htm
772,2017-12-12,我国学者在肝脏血管新生促纤维化的生物力学机制和干预研究方面取得重要进展,/publish/portal0/tab448/info72407.htm
774,2017-12-08,我国学者在复杂有机分子研究方面取得重要进展,/publish/portal0/tab448/info72404.htm
776,2017-12-08,LHCb实验首次发现双粲重子,/publish/portal0/tab448/info72403.htm
778,2017-12-01,我国科学家在蚊虫对病毒易感的机制研究方面取得重要进展,/publish/portal0/tab448/info72191.htm
780,2017-12-01,我国学者在阿尔茨海默病外周Aβ清除和致病机制研究方面取得新进展,/publish/portal0/tab448/info72190.htm
782,2017-11-30,“悟空”号获得世界上最精确的TeV电子宇宙射线能谱,/publish/portal0/tab448/info72169.htm
784,2017-11-23,我国学者在交通出行行为预测研究方面取得重要进展,/publish/portal0/tab448/info72105.htm
786,2017-11-23,我国学者在不对称有机催化领域取得重要研究进展,/publish/portal0/tab448/info72104.htm
788,2017-11-20,自然科学基金项目取得新成果-䲟鱼仿生软体吸附机器人,/publish/portal0/tab448/info72095.htm
790,2017-11-17,我国学者在血栓与出血研究领域取得重要进展,/publish/portal0/tab448/info72079.htm
792,2017-11-17,我国学者在高血压发生机制和治疗方面的研究取得重要进展,/publish/portal0/tab448/info72078.htm
794,2017-11-16,我国科学家在深地暗物质探测方面取得重要进展,/publish/portal0/tab448/info72072.htm
796,2017-11-16,我国学者在垂体泌乳素腺瘤药物治疗机制研究领域取得重要进展,/publish/portal0/tab448/info72071.htm
798,2017-11-02,我国学者在心脏组织工程研究领域取得重要进展,/publish/portal0/tab448/info71983.htm
800,2017-10-30,我国学者在提高南亚夏季风降雨未来变化的预估精度方面取得重要进展,/publish/portal0/tab448/info71972.htm
802,2017-10-26,我国学者在类星体宽线区起源研究方面取得重要进展,/publish/portal0/tab448/info71742.htm
804,2017-10-26,我国学者在硒化锑薄膜太阳能电池研究方面取得新进展,/publish/portal0/tab448/info71743.htm
806,2017-10-26,我国学者在氧化石墨烯膜研究领域取得重要进展,/publish/portal0/tab448/info71741.htm
808,2017-10-24,我国学者在量子线中发现强自旋-轨道耦合效应,/publish/portal0/tab448/info71544.htm
810,2017-10-24,我国学者在微腔光学研究中取得重要进展,/publish/portal0/tab448/info71543.htm
812,2017-10-13,我国科学家在阻断疟疾传播研究中取得重要进展,/publish/portal0/tab448/info71438.htm
814,2017-10-12,我国学者在光响应碱基合成领域取得重要进展,/publish/portal0/tab448/info71434.htm
816,2017-09-30,我国科学家在深海微生物来源抗生素发现及其生物合成研究方面取得重要进展,/publish/portal0/tab448/info71423.htm
818,2017-09-26,中国学者在人参皂苷改善肝糖异生研究取得新进展,/publish/portal0/tab448/info71360.htm
820,2017-09-25,澄江生物群中发现最早的共生蠕形动物,/publish/portal0/tab448/info71358.htm
822,2017-09-22,我国科学家在钙钛矿光伏领域取得重要进展,/publish/portal0/tab448/info71351.htm
824,2017-09-22,我国学者基于大科学装置LAMOST的研究取得重要进展,/publish/portal0/tab448/info71350.htm
826,2017-09-22,我国科学家揭示m6A调控造血干细胞命运决定新机制,/publish/portal0/tab448/info71342.htm
828,2017-09-22,我国学者在黑磷纳米材料生物相容性调控方面取得重要进展,/publish/portal0/tab448/info71341.htm
830,2017-09-13,我国学者在乳腺癌器官特异性转移机制研究中取得重要进展,/publish/portal0/tab448/info71292.htm
832,2017-09-08,我国科学家在全氮五唑阴离子研究方面取得重要进展,/publish/portal0/tab448/info71284.htm
834,2017-09-07,中国学者在脑胶质瘤术后化疗研究方面取得重要进展,/publish/portal0/tab448/info70285.htm
836,2017-09-07,我国学者在调控纤维化血管微环境促进肺和肝组织再生方面取得重要进展,/publish/portal0/tab448/info70284.htm
838,2017-09-07,我国科学家在亨廷顿病研究领域取得重要进展,/publish/portal0/tab448/info70283.htm
840,2017-09-06,我国科学家发现番茄果实苹果酸代谢调控的新机制,/publish/portal0/tab448/info70279.htm
842,2017-09-04,我国学者在前列腺癌耐药机制研究方面取得重要进展,/publish/portal0/tab448/info70205.htm
844,2017-08-30,我国科学家在线粒体呼吸链研究领域取得重要进展,/publish/portal0/tab448/info70192.htm
846,2017-08-30,马大为研究员荣获美国化学会2018年“亚瑟•科普学者奖”,/publish/portal0/tab448/info70191.htm
848,2017-08-30,我国学者在哺乳动物演化研究领域取得重要进展,/publish/portal0/tab448/info70190.htm
850,2017-08-25,我国学者发现痒觉传导通路中的关键节点,/publish/portal0/tab448/info70125.htm
852,2017-08-22,南京水科院陈求稳研究员荣获水利与环境领域国际学术成就奖：Arthur Thomas Ippen Award,/publish/portal0/tab448/info70105.htm
854,2017-08-17,我国学者揭示调控T<sub>H</sub>17细胞和T<sub>reg</sub>细胞分化发育的新机制,/publish/portal0/tab448/info70090.htm
856,2017-08-17,我国学者在肠道具核梭杆菌影响大肠癌患者化疗效果与预后研究方面取得重要成果,/publish/portal0/tab448/info70089.htm
858,2017-08-17,北京大学药学院屠鹏飞团队揭示中药作用新靶点,/publish/portal0/tab448/info70088.htm
860,2017-08-17,我国学者在血管稳态调控机制研究方面取得重要进展,/publish/portal0/tab448/info70087.htm
862,2017-08-16,破解油气输送关键问题 保障深水油气输送系统,/publish/portal0/tab448/info70082.htm
864,2017-08-10,我国学者在细胞代谢检测与成像技术方面取得重要进展,/publish/portal0/tab448/info69998.htm
866,2017-08-02,重大项目“乙型肝炎病毒逃逸免疫反应的细胞和分子机制研究”取得重要进展,/publish/portal0/tab448/info69933.htm
868,2017-08-02,我国科学家在钠离子通道结构生物学研究取得突破,/publish/portal0/tab448/info69932.htm
870,2017-08-01,我国学者在纳米多孔金属催化材料研究中取得重要进展,/publish/portal0/tab448/info69921.htm
872,2017-07-28,我国科学家发现水稻广谱抗稻瘟病的新机制,/publish/portal0/tab448/info69902.htm
874,2017-07-28,我国学者在神经干细胞干性维持的分子机制方面取得重要进展,/publish/portal0/tab448/info69901.htm
876,2017-07-28,Science报道东南大学在分子压电材料领域取得突破,/publish/portal0/tab448/info69900.htm
878,2017-07-27,国际权威出版社ELSEVIER出版重大研究计划“植物激素作用的分子机理”科研成果英文专著,/publish/portal0/tab448/info69897.htm
880,2017-07-21,中国科学家首次观测到三重简并费米子,/publish/portal0/tab448/info69786.htm
882,2017-07-11,我国学者在青藏高原东北缘构造变形方面取得重要进展—柴达木新生代盆地沉积演化对祁连山隆升的响应,/publish/portal0/tab448/info69700.htm
884,2017-07-11,我国学者对肠道菌群在肥胖中作用的研究取得重要成果,/publish/portal0/tab448/info69699.htm
886,2017-06-30,我国学者在抗病毒免疫研究方面获得重要突破,/publish/portal0/tab448/info69589.htm
888,2017-06-26,我国科学家在水煤气变换低温产氢研究中获得重大突破,/publish/portal0/tab448/info68848.htm
890,2017-06-23,中山大学在重要工业混合物分离纯化方面取得重要突破,/publish/portal0/tab448/info68845.htm
892,2017-06-23,燕山大学在碳材料研究中取得重要进展,/publish/portal0/tab448/info68844.htm
894,2017-06-20,我国科学家在历史时期北大西洋多年代际气候变化研究方面取得重要进展,/publish/portal0/tab448/info68798.htm
896,2017-06-20,我国学者在荒漠生态系统生物量与土壤水分动态耦合研究方面取得新进展,/publish/portal0/tab448/info68797.htm
898,2017-06-16,中国科学院上海高等研究院二氧化碳直接制液体燃料研究获重大突破,/publish/portal0/tab448/info68788.htm
900,2017-06-16,我国学者在天然产物集群式高效合成研究中取得重要进展,/publish/portal0/tab448/info68787.htm
902,2017-06-14,四川大学生命科学学院肖智雄教授团队揭示肿瘤转移新机制,/publish/portal0/tab448/info68784.htm
904,2017-06-14,苏州大学环境放射化学研究团队取得系列重要进展,/publish/portal0/tab448/info68785.htm
906,2017-06-09,我国学者发现非晶态物质弛豫新模式,/publish/portal0/tab448/info68739.htm
908,2017-06-09,我国学者在纳米复合永磁材料研究领域取得重要进展,/publish/portal0/tab448/info68738.htm
910,2017-06-07,我国学者在家族性食管癌研究方面取得重要进展,/publish/portal0/tab448/info68692.htm
912,2017-06-05,我国科学家发现人Piwi基因突变致男性不育,/publish/portal0/tab448/info68677.htm
914,2017-06-05,我国学者对寨卡病毒暴发流行的机制研究取得重要进展,/publish/portal0/tab448/info68679.htm
916,2017-06-05,国家重大科研仪器设备研制专项“超高时空分辨微型化双光子在体显微成像系统”取得阶段性重要成果,/publish/portal0/tab448/info68678.htm
918,2017-05-25,我国科学家发现长非编码RNA对细胞核仁功能的调控机制,/publish/portal0/tab448/info68601.htm
920,2017-05-23,我国学者在细胞染色体调控机制领域取得新进展,/publish/portal0/tab448/info68581.htm
922,2017-05-23,浙江大学在培菌白蚁降解木质纤维素机制的研究中取得重大突破,/publish/portal0/tab448/info68580.htm
924,2017-05-18,我国学者在非酒精性脂肪肝炎的研究中取得重要进展,/publish/portal0/tab448/info68562.htm
926,2017-05-17,“未来地球”框架下“流域科学与可持续管理”中泰合作计划正式启动,/publish/portal0/tab448/info68557.htm
928,2017-05-17,我国学者成功研制迄今为止最强镁合金,/publish/portal0/tab448/info68556.htm
930,2017-05-16,我国学者在青藏高原生物地理学研究方面取得进展,/publish/portal0/tab448/info68552.htm
932,2017-05-12,我国学者在“开关式”聚酮合酶结构域研究中获得新发现,/publish/portal0/tab448/info68549.htm
934,2017-05-12,我国学者在水面高粘度原油连续吸附与清理研究中取得重要进展,/publish/portal0/tab448/info68547.htm
936,2017-05-12,我国学者建立中药品质整合评价方法——效应成分指数,/publish/portal0/tab448/info68546.htm
938,2017-05-12,我国学者利用机器人技术成功获得克隆猪,/publish/portal0/tab448/info68545.htm
940,2017-05-04,大麦基因组研究取得重大突破,/publish/portal0/tab448/info68457.htm
942,2017-05-04,我国学者研究表明全球增温干旱半干旱区面临更严峻风险,/publish/portal0/tab448/info68456.htm
944,2017-04-28,我国科学家在海洋酸化对束毛藻的影响及其机制方面研究取得重要进展,/publish/portal0/tab448/info68442.htm
946,2017-04-25,我国科学家首次实现电驱动的阳离子交换,/publish/portal0/tab448/info68432.htm
948,2017-04-25,我国科学家观测到室温下金刚石里弱耦合核自旋的量子跳变,/publish/portal0/tab448/info68431.htm
950,2017-04-25,我国研究人员发现第四种晶相最密排列方式,/publish/portal0/tab448/info68430.htm
952,2017-04-25,稀土元素最高氧化态研究取得重要进展,/publish/portal0/tab448/info68429.htm
954,2017-04-20,我国学者在银硫簇基金属有机框架材料研究方面取得重要进展,/publish/portal0/tab448/info68425.htm
956,2017-04-20,我国学者在电催化领域取得重要研究进展,/publish/portal0/tab448/info68426.htm
958,2017-04-17,我国学者研发出超高强马氏体时效钢,/publish/portal0/tab448/info68422.htm
960,2017-04-17,我国学者在膜脂分子动态瞬时相互作用跟踪技术方面取得重大突破,/publish/portal0/tab448/info68421.htm
962,2017-04-14,我国学者在治疗1型糖尿病的研究中取得重要进展,/publish/portal0/tab448/info68394.htm
964,2017-04-11,我国学者在植物自噬调控新机制方面取得重要进展,/publish/portal0/tab448/info68368.htm
966,2017-04-11,我国学者在真菌活性天然产物生物合成研究中取得重要进展,/publish/portal0/tab448/info68366.htm
968,2017-04-01,我国学者在东亚季风演化研究方面取得重要进展,/publish/portal0/tab448/info68358.htm
970,2017-04-11,我国学者在动物宏观进化领域取得重要进展,/publish/portal0/tab448/info68367.htm
972,2017-03-30,我国化学家取得真核生物基因组设计与化学合成的重大突破,/publish/portal0/tab448/info66256.htm
974,2017-03-30,我国学者的催化产氢研究工作取得重大突破,/publish/portal0/tab448/info66257.htm
976,2017-03-24,我国学者在大豆生态适应性遗传机制方面取得重要进展,/publish/portal0/tab448/info66229.htm
978,2017-03-24,我国学者在基底样型乳腺癌转移机制方面取得重要进展,/publish/portal0/tab448/info66230.htm
980,2017-03-24,我国学者在肿瘤靶向治疗新型抗体药物研究方面取得重要进展,/publish/portal0/tab448/info66231.htm
982,2017-03-24,我国科学家应用单细胞遗传分析仪和拉曼组技术为抗菌药效评价提供新方法,/publish/portal0/tab448/info66232.htm
984,2017-04-01,我国青年学者发现非晶合金在晶化温度以下的多形性相变,/publish/portal0/tab448/info68359.htm
986,2017-03-23,我国学者发现人为气溶胶排放可能已改变了自然变暖对高山湖泊环境影响的方式,/publish/portal0/tab448/info66233.htm
988,2017-03-23,我国学者率先证实大气中的铁酸溶解过程,/publish/portal0/tab448/info66234.htm
990,2017-03-23,中美学者合作发现配位数最高的分子转子和双环管状结构,/publish/portal0/tab448/info66235.htm
992,2017-03-21,我国学者在多糖人工合成领域取得重要突破,/publish/portal0/tab448/info66165.htm
994,2017-03-21,科学基金资助项目在生物合成相关研究取得重要进展,/publish/portal0/tab448/info66166.htm
996,2017-03-15,我国学者在北冰洋酸化水体扩张机理研究方面取得重要突破,/publish/portal0/tab448/info55629.htm
998,2017-03-15,我国学者在血管内皮细胞分泌机制研究方面取得重要进展,/publish/portal0/tab448/info55630.htm
1000,2017-03-13,我国学者在陆地棉驯化方面取得重要进展,/publish/portal0/tab448/info55632.htm
1002,2017-03-09,微生物矿化和生物感磁的起源研究取得重要进展,/publish/portal0/tab448/info55633.htm
1004,2017-03-09,许昌人头骨化石揭示中国古人类演化模式,/publish/portal0/tab448/info55634.htm
1006,2017-03-08,我国学者在难治性癫痫的病理机制与药物靶标研究领域取得重要进展,/publish/portal0/tab448/info55635.htm
1008,2017-03-08,我国青年学者在骨骼系统稳态维持研究方面取得重要进展,/publish/portal0/tab448/info55636.htm
1010,2017-03-08,中国科学家利用量子相变实现大粒子数量子纠缠态的制备,/publish/portal0/tab448/info55637.htm
1012,2017-03-06,我国学者揭示出全新世地磁场极端变化,/publish/portal0/tab448/info55638.htm
1014,2017-03-06,我国学者在急性心肌梗死后心脏修复机制方面的研究取得重要进展,/publish/portal0/tab448/info55639.htm
1016,2017-03-01,我国学者在肝脏代谢领域研究取得重要进展,/publish/portal0/tab448/info55642.htm
1018,2017-02-27,我国科学家发现作物病原疫霉菌致病新机制,/publish/portal0/tab448/info55643.htm
1020,2017-02-21,我国学者在清醒猕猴长时期双光子成像技术方面取得重要进展,/publish/portal0/tab448/info55644.htm
1022,2017-02-21,我国学者在体温调节的中枢机制方面取得重要进展,/publish/portal0/tab448/info55645.htm
1024,2017-02-16,我国学者新发现三个不同类型的近地小行星,/publish/portal0/tab448/info55647.htm
1026,2017-02-16,我国学者对中国血流感染致病细菌携带耐多黏菌素基因mcr-1分子流行病学研究取得重要成果,/publish/portal0/tab448/info55648.htm
1028,2017-02-15,我国科学家发表泛耐药基因传播的研究成果,/publish/portal0/tab448/info55649.htm
1030,2017-02-13,我国免疫学者揭示抗真菌免疫反应的负调控机制,/publish/portal0/tab448/info55650.htm
1032,2017-02-13,我国学者在糖尿病缺血性血管疾病发生机制方面的研究取得重要进展,/publish/portal0/tab448/info55651.htm
1034,2017-01-23,我国科学家在水生动物病原细菌与宿主互作新机制研究中取得重要进展,/publish/portal0/tab448/info55654.htm
1036,2017-01-20,我国学者关于5-羟色胺调控造血干细胞发育的研究取得重要进展,/publish/portal0/tab448/info55655.htm
1038,2017-01-18,我国科学家在声子晶体中实现声波的谷拓扑输运,/publish/portal0/tab448/info55656.htm
1040,2017-01-17,中国剖宫产率变化趋势及地域分布差异研究取得新进展,/publish/portal0/tab448/info55657.htm
1042,2017-01-13,中国科学家首次实现十光子纠缠,/publish/portal0/tab448/info55658.htm
1044,2017-01-10,北大彭宇新教授团队再获TRECVID2016国际评测2项第一,/publish/portal0/tab448/info55659.htm
1046,2017-01-09,我国学者成功研制出新型二维材料锑烯,/publish/portal0/tab448/info55662.htm
