23000901,合肥工业大学,安徽,高等院校
23002201,安徽建筑大学,安徽,高等院校
23002601,中国科学技术大学,安徽,高等院校
23003117,中国人民解放军陆军炮兵防空兵学院,安徽,高等院校
23003201,安徽医科大学,安徽,高等院校
23003601,安徽农业大学,安徽,高等院校
23003801,安徽中医药大学,安徽,高等院校
23003901,安徽大学,安徽,高等院校
23200101,安徽理工大学,安徽,高等院校
23300001,安徽财经大学,安徽,高等院校
23300301,蚌埠医学院,安徽,高等院校
23310030,安徽科技学院,安徽,高等院校
23500002,淮北师范大学,安徽,高等院校
23603201,阜阳师范大学,安徽,高等院校
24100001,安徽师范大学,安徽,高等院校
24100003,安徽工程大学,安徽,高等院校
24100101,皖南医学院,安徽,高等院校
24300201,安徽工业大学,安徽,高等院校
24601101,安庆师范大学,安徽,高等院校
90000064,合肥学院,安徽,高等院校
90000222,黄山学院,安徽,高等院校
90000335,淮南师范学院,安徽,高等院校
90000649,宿州学院,安徽,高等院校
90000650,巢湖学院,安徽,高等院校
90000652,铜陵学院,安徽,高等院校
90000792,滁州学院,安徽,高等院校
90000832,皖西学院,安徽,高等院校
90000996,合肥师范学院,安徽,高等院校
99982658,蚌埠学院,安徽,高等院校
99982684,池州学院,安徽,高等院校
99983021,安徽新华学院,安徽,高等院校
99983669,安徽文达信息工程学院,安徽,高等院校
99983963,安徽三联学院,安徽,高等院校
99984551,安徽信息工程学院,安徽,高等院校
45000201,河南农业大学,河南,高等院校
45000209,河南财经政法大学,河南,高等院校
45000212,郑州轻工业学院,河南,高等院校
45000214,中国人民解放军战略支援部队信息工程大学,河南,高等院校
45000304,河南中医药大学,河南,高等院校
45000501,黄河科技学院,河南,高等院校
45000704,中原工学院,河南,高等院校
45004501,河南牧业经济学院,河南,高等院校
45004502,华北水利水电大学,河南,高等院校
45005204,郑州大学,河南,高等院校
45005205,郑州航空工业管理学院,河南,高等院校
45005301,河南工业大学,河南,高等院校
45300201,河南师范大学,河南,高等院校
45300303,新乡医学院,河南,高等院校
45415901,河南理工大学,河南,高等院校
45500001,安阳师范学院,河南,高等院校
46100040,许昌学院,河南,高等院校
46400001,信阳师范学院,河南,高等院校
46400002,信阳农林学院,河南,高等院校
46600101,周口师范学院,河南,高等院校
47102201,洛阳师范学院,河南,高等院校
47103901,河南科技大学,河南,高等院校
47300401,南阳理工学院,河南,高等院校
47306102,南阳师范学院,河南,高等院校
47500101,河南大学,河南,高等院校
47600001,商丘师范学院,河南,高等院校
90000236,洛阳理工学院,河南,高等院校
90000412,河南科技学院,河南,高等院校
90000471,河南教育学院,河南,高等院校
90000710,南阳医学高等专科学校,河南,高等院校
90000711,黄河水利职业技术学院,河南,高等院校
90000765,黄淮学院,河南,高等院校
90000801,河南工程学院,河南,高等院校
90000803,河南城建学院,河南,高等院校
90000908,郑州师范学院,河南,高等院校
90000910,安阳工学院,河南,高等院校
90000995,平顶山学院,河南,高等院校
99982625,新乡学院,河南,高等院校
99983779,郑州工程技术学院,河南,高等院校
99984034,漯河市第一人民医院,河南,高等院校
99984179,铁道警察学院,河南,高等院校
99984225,郑州科技学院,河南,高等院校
99984270,开封大学,河南,高等院校
99984436,河南工学院,河南,高等院校
99984502,濮阳职业技术学院,河南,高等院校
99984576,郑州工业应用技术学院,河南,高等院校
99984585,新乡医学院三全学院,河南,高等院校
99984627,河南警察学院,河南,高等院校
99984656,郑州升达经贸管理学院,河南,高等院校
99984692,郑州铁路职业技术学院,河南,高等院校
99984769,洛阳职业技术学院,河南,高等院校
15000101,哈尔滨工程大学,黑龙江,高等院校
15000601,哈尔滨工业大学,黑龙江,高等院校
15003001,东北农业大学,黑龙江,高等院校
15004001,东北林业大学,黑龙江,高等院校
15004005,黑龙江中医药大学,黑龙江,高等院校
15007602,哈尔滨商业大学,黑龙江,高等院校
15008002,哈尔滨理工大学,黑龙江,高等院校
15008003,哈尔滨师范大学,黑龙江,高等院校
15008004,黑龙江大学,黑龙江,高等院校
15008601,哈尔滨医科大学,黑龙江,高等院校
15140001,东北石油大学,黑龙江,高等院校
15400702,佳木斯大学,黑龙江,高等院校
15701102,牡丹江医学院,黑龙江,高等院校
15810501,黑龙江科技大学,黑龙江,高等院校
15830801,黑龙江八一农垦大学,黑龙江,高等院校
16100601,齐齐哈尔大学,黑龙江,高等院校
16104201,齐齐哈尔医学院,黑龙江,高等院校
90000069,黑龙江工程学院,黑龙江,高等院校
90000470,绥化学院,黑龙江,高等院校
90000623,牡丹江师范学院,黑龙江,高等院校
99982618,大庆师范学院,黑龙江,高等院校
99983886,哈尔滨石油学院,黑龙江,高等院校
99983913,哈尔滨体育学院,黑龙江,高等院校
99984187,哈尔滨学院,黑龙江,高等院校
99984386,黑河学院,黑龙江,高等院校
99984527,黑龙江东方学院,黑龙江,高等院校
99984603,黑龙江工业学院,黑龙江,高等院校
43001011,中国人民解放军空军预警学院,湖北,高等院校
43001901,江汉大学,湖北,高等院校
43002301,武汉轻工大学,湖北,高等院校
43003301,中国人民解放军海军工程大学,湖北,高等院校
43006101,湖北中医药大学,湖北,高等院校
43006201,湖北大学,湖北,高等院校
43006406,中南财经政法大学,湖北,高等院校
43007002,华中农业大学,湖北,高等院校
43007003,华中师范大学,湖北,高等院校
43007006,武汉理工大学,湖北,高等院校
43007007,湖北工业大学,湖北,高等院校
43007014,武汉体育学院,湖北,高等院校
43007201,武汉大学,湖北,高等院校
43007402,华中科技大学,湖北,高等院校
43007403,武汉工程大学,湖北,高等院校
43007405,中国地质大学（武汉）,湖北,高等院校
43007407,中南民族大学,湖北,高等院校
43007411,武汉纺织大学,湖北,高等院校
43008101,武汉科技大学,湖北,高等院校
43400001,长江大学,湖北,高等院校
43500201,湖北师范大学,湖北,高等院校
43610001,黄冈师范学院,湖北,高等院校
44200001,湖北医药学院,湖北,高等院校
44200201,湖北汽车工业学院,湖北,高等院校
44300201,三峡大学,湖北,高等院校
44500001,湖北民族大学,湖北,高等院校
90000110,湖北工程学院,湖北,高等院校
90000328,湖北科技学院,湖北,高等院校
90000551,湖北经济学院,湖北,高等院校
90000903,湖北理工学院,湖北,高等院校
90000987,湖北文理学院,湖北,高等院校
99982956,武汉生物工程学院,湖北,高等院校
99983270,湖北第二师范学院,湖北,高等院校
99983525,武昌理工学院,湖北,高等院校
99983557,武汉工商学院,湖北,高等院校
99983605,武汉东湖学院,湖北,高等院校
99983819,武汉商学院,湖北,高等院校
99983858,湖北民族学院科技学院,湖北,高等院校
99983877,武昌工学院,湖北,高等院校
99983883,武汉工程科技学院,湖北,高等院校
99984024,武昌首义学院,湖北,高等院校
99984385,汉江师范学院,湖北,高等院校
99984559,文华学院,湖北,高等院校
99984700,荆楚理工学院,湖北,高等院校
41000702,湖南中医药大学,湖南,高等院校
41001207,长沙学院,湖南,高等院校
41007301,中国人民解放军国防科技大学,湖南,高等院校
41007601,长沙理工大学,湖南,高等院校
41008101,湖南师范大学,湖南,高等院校
41008201,湖南大学,湖南,高等院校
41008301,中南大学,湖南,高等院校
41012801,湖南农业大学,湖南,高等院校
41020501,湖南工商大学,湖南,高等院校
41110101,湖南工程学院,湖南,高等院校
41110501,湘潭大学,湖南,高等院校
41200601,中南林业科技大学,湖南,高等院校
41200801,湖南工业大学,湖南,高等院校
41400003,湖南理工学院,湖南,高等院校
41500003,湖南文理学院,湖南,高等院校
41600001,吉首大学,湖南,高等院校
41800820,怀化学院,湖南,高等院校
42100103,南华大学,湖南,高等院校
42100801,衡阳师范学院,湖南,高等院校
42200020,邵阳学院,湖南,高等院校
42500620,湖南科技学院,湖南,高等院校
90000007,湖南城市学院,湖南,高等院校
90000141,湖南科技大学,湖南,高等院校
90000380,湘南学院,湖南,高等院校
90000697,湖南人文科技学院,湖南,高等院校
90000948,湖南财政经济学院,湖南,高等院校
90001008,湖南工学院,湖南,高等院校
99982732,长沙医学院,湖南,高等院校
99982740,湖南涉外经济学院,湖南,高等院校
99982802,湖南第一师范学院,湖南,高等院校
99983184,湖南女子学院,湖南,高等院校
99983457,湖南警察学院,湖南,高等院校
99983661,长沙师范学院,湖南,高等院校
99983912,湖南医药学院,湖南,高等院校
13001213,长春工业大学,吉林,高等院校
13002103,东北师范大学,吉林,高等院校
13002104,吉林大学,吉林,高等院校
13002111,长春中医药大学,吉林,高等院校
13002129,吉林财经大学,吉林,高等院校
13002201,长春理工大学,吉林,高等院校
13002211,长春大学,吉林,高等院校
13003201,长春师范大学,吉林,高等院校
13011801,吉林农业大学,吉林,高等院校
13201101,北华大学,吉林,高等院校
13201201,东北电力大学,吉林,高等院校
13202201,吉林化工学院,吉林,高等院校
13300201,延边大学,吉林,高等院校
13400201,通化师范学院,吉林,高等院校
13600001,吉林师范大学,吉林,高等院校
90000067,吉林建筑大学,吉林,高等院校
90000354,吉林工程技术师范学院,吉林,高等院校
90000399,吉林农业科技学院,吉林,高等院校
90000435,长春工程学院,吉林,高等院校
90000444,中国人民解放军空军航空大学,吉林,高等院校
90000613,吉林医药学院,吉林,高等院校
99982639,白城师范学院,吉林,高等院校
99983608,中国人民解放军装甲兵技术学院,吉林,高等院校
99984452,吉林体育学院,吉林,高等院校
99984590,吉林工商学院,吉林,高等院校
99984771,长春财经学院,吉林,高等院校
21000301,南京邮电大学,江苏,高等院校
21000304,南京财经大学,江苏,高等院校
21000502,南京中医药大学,江苏,高等院校
21000704,中国人民解放军陆军工程大学,江苏,高等院校
21000801,南京大学,江苏,高等院校
21000901,南京工业大学,江苏,高等院校
21000905,中国药科大学,江苏,高等院校
21001301,江苏第二师范学院,江苏,高等院校
21001308,南京工程学院,江苏,高等院校
21001401,南京理工大学,江苏,高等院校
21001412,南京农业大学,江苏,高等院校
21001603,南京航空航天大学,江苏,高等院校
21001702,南京晓庄学院,江苏,高等院校
21001801,东南大学,江苏,高等院校
21002401,河海大学,江苏,高等院校
21002403,南京师范大学,江苏,高等院校
21002901,南京医科大学,江苏,高等院校
21002905,南京审计大学,江苏,高等院校
21003701,南京林业大学,江苏,高等院校
21004210,南京森林警察学院,江苏,高等院校
21004401,南京信息工程大学,江苏,高等院校
21200301,江苏科技大学,江苏,高等院校
21201301,江苏大学,江苏,高等院校
21301621,常州大学,江苏,高等院校
21403601,江南大学,江苏,高等院校
21500601,苏州大学,江苏,高等院校
21500802,苏州科技大学,江苏,高等院校
22100201,徐州医科大学,江苏,高等院校
22100801,中国矿业大学,江苏,高等院校
22100901,江苏师范大学,江苏,高等院校
22200501,江苏海洋大学,江苏,高等院校
22300102,淮阴师范学院,江苏,高等院校
22400202,盐城师范学院,江苏,高等院校
22400301,盐城工学院,江苏,高等院校
22500101,扬州大学,江苏,高等院校
22600101,南通大学,江苏,高等院校
90000127,江苏卫生健康职业学院,江苏,高等院校
90000163,江苏农牧科技职业学院,江苏,高等院校
90000280,中国人民解放军镇江船艇学院,江苏,高等院校
90000282,中国人民解放军南京陆军指挥学院,江苏,高等院校
90000321,常熟理工学院,江苏,高等院校
90000331,常州工学院,江苏,高等院校
90000437,江苏理工学院,江苏,高等院校
90000442,淮阴工学院,江苏,高等院校
90000447,苏州市职业大学,江苏,高等院校
90000644,徐州工程学院,江苏,高等院校
90000767,三江学院,江苏,高等院校
90000871,金陵科技学院,江苏,高等院校
99982714,西交利物浦大学,江苏,高等院校
99982822,江苏医药职业学院,江苏,高等院校
99982829,苏州卫生职业技术学院,江苏,高等院校
99982943,南京工业职业技术学院,江苏,高等院校
99983191,中国人民解放军空军勤务学院,江苏,高等院校
99983529,泰州学院,江苏,高等院校
99983731,昆山杜克大学,江苏,高等院校
99984069,南京特殊教育师范学院,江苏,高等院校
99984300,南通理工学院,江苏,高等院校
99984368,江苏警官学院,江苏,高等院校
99984454,江苏开放大学,江苏,高等院校
99984520,无锡职业技术学院,江苏,高等院校
99984554,江苏护理职业学院,江苏,高等院校
99984570,南京体育学院,江苏,高等院校
99984606,南京理工大学泰州科技学院,江苏,高等院校
99984626,苏州工业职业技术学院,江苏,高等院校
99984688,江苏食品药品职业技术学院,江苏,高等院校
99984694,无锡太湖学院,江苏,高等院校
99984713,南京信息工程大学滨江学院,江苏,高等院校
99984733,常州信息职业技术学院,江苏,高等院校
99984764,江苏农林职业技术学院,江苏,高等院校
99984773,南京交通职业技术学院,江苏,高等院校
99984774,江苏建筑职业技术学院,江苏,高等院校
99984779,盐城工业职业技术学院,江苏,高等院校
99984805,常州工程职业技术学院,江苏,高等院校
33000603,江西中医药大学,江西,高等院校
33001301,江西财经大学,江西,高等院校
33001302,华东交通大学,江西,高等院校
33001305,江西科技师范大学,江西,高等院校
33002701,江西师范大学,江西,高等院校
33002901,南昌大学,江西,高等院校
33003401,南昌航空大学,江西,高等院校
33004501,江西农业大学,江西,高等院校
33200001,九江学院,江西,高等院校
33300101,景德镇陶瓷大学,江西,高等院校
33803101,新余学院,江西,高等院校
34100001,赣南医学院,江西,高等院校
34100002,江西理工大学,江西,高等院校
34100007,赣南师范大学,江西,高等院校
34300901,井冈山大学,江西,高等院校
90000014,东华理工大学,江西,高等院校
90000039,宜春学院,江西,高等院校
90000156,上饶师范学院,江西,高等院校
90000486,南昌工程学院,江西,高等院校
90000489,江西经济管理干部学院,江西,高等院校
99982656,萍乡学院,江西,高等院校
99982667,江西科技学院,江西,高等院校
99982708,南昌师范学院,江西,高等院校
99982709,南昌理工学院,江西,高等院校
99983690,江西警察学院,江西,高等院校
99983726,景德镇学院,江西,高等院校
99984594,江西工程学院,江西,高等院校
99984729,江西医学高等专科学校,江西,高等院校
99984801,中国人民解放军陆军步兵学院,江西,高等院校
11000101,中国医科大学,辽宁,高等院校
11000601,东北大学,辽宁,高等院校
11001501,沈阳理工大学,辽宁,高等院校
11001503,沈阳药科大学,辽宁,高等院校
11001507,沈阳建筑大学,辽宁,高等院校
11002102,沈阳工业大学,辽宁,高等院校
11002103,沈阳化工大学,辽宁,高等院校
11003103,沈阳航空航天大学,辽宁,高等院校
11003106,沈阳医学院,辽宁,高等院校
11003202,辽宁中医药大学,辽宁,高等院校
11003501,中国刑事警察学院,辽宁,高等院校
11003601,辽宁大学,辽宁,高等院校
11003602,沈阳师范大学,辽宁,高等院校
11004401,沈阳大学,辽宁,高等院校
11016102,沈阳农业大学,辽宁,高等院校
11300103,辽宁石油化工大学,辽宁,高等院校
11400001,鞍山师范学院,辽宁,高等院校
11400201,辽宁科技大学,辽宁,高等院校
11600101,大连工业大学,辽宁,高等院校
11601203,大连大学,辽宁,高等院校
11601301,中国人民解放军海军大连舰艇学院,辽宁,高等院校
11602201,大连交通大学,辽宁,高等院校
11602202,辽宁师范大学,辽宁,高等院校
11602301,大连医科大学,辽宁,高等院校
11602302,东北财经大学,辽宁,高等院校
11602401,大连海事大学,辽宁,高等院校
11602402,大连理工大学,辽宁,高等院校
11602403,大连海洋大学,辽宁,高等院校
11660001,大连民族大学,辽宁,高等院校
12100102,辽宁工业大学,辽宁,高等院校
12100401,锦州医科大学,辽宁,高等院校
12100402,渤海大学,辽宁,高等院校
12300001,辽宁工程技术大学,辽宁,高等院校
90000047,沈阳体育学院,辽宁,高等院校
90000264,沈阳工程学院,辽宁,高等院校
90000448,辽东学院,辽宁,高等院校
99982895,大连外国语大学,辽宁,高等院校
99983001,大连东软信息学院,辽宁,高等院校
99983830,沈阳工学院,辽宁,高等院校
99983973,辽宁警察学院,辽宁,高等院校
99984043,中国人民解放军空军通信士官学校,辽宁,高等院校
99984115,辽宁何氏医学院,辽宁,高等院校
99984323,辽宁科技学院,辽宁,高等院校
99984382,大连财经学院,辽宁,高等院校
99984768,营口理工学院,辽宁,高等院校
01000005,内蒙古民族大学,内蒙古,高等院校
01001801,内蒙古农业大学,内蒙古,高等院校
01002101,内蒙古大学,内蒙古,高等院校
01002201,内蒙古师范大学,内蒙古,高等院校
01005001,内蒙古医科大学,内蒙古,高等院校
01005109,内蒙古财经大学,内蒙古,高等院校
01006201,内蒙古工业大学,内蒙古,高等院校
01401001,内蒙古科技大学包头医学院,内蒙古,高等院校
01401002,内蒙古科技大学,内蒙古,高等院校
01403003,内蒙古科技大学包头师范学院,内蒙古,高等院校
02100803,呼伦贝尔学院,内蒙古,高等院校
02400101,赤峰学院,内蒙古,高等院校
99983411,呼和浩特民族学院,内蒙古,高等院校
99983491,河套学院,内蒙古,高等院校
99984344,集宁师范学院,内蒙古,高等院校
99984492,鄂尔多斯应用技术学院,内蒙古,高等院校
75000401,宁夏医科大学,宁夏,高等院校
75002101,宁夏大学,宁夏,高等院校
75002109,北方民族大学,宁夏,高等院校
90000465,宁夏师范学院,宁夏,高等院校
99984123,银川能源学院,宁夏,高等院校
10001301,北京服装学院,北京,高等院校
10002201,北京工业大学,北京,高等院校
10002401,中国传媒大学,北京,高等院校
10002427,北京第二外国语学院,北京,高等院校
10002601,首都经济贸易大学,北京,高等院校
10002902,北京中医药大学,北京,高等院校
10002911,北京化工大学,北京,高等院校
10002916,对外经济贸易大学,北京,高等院校
10003203,北京联合大学,北京,高等院校
10003702,北京工商大学,北京,高等院校
10003703,首都师范大学,北京,高等院校
10003736,北京物资学院,北京,高等院校
10003904,中国科学院大学,北京,高等院校
10004101,北方工业大学,北京,高等院校
10004401,北京交通大学,北京,高等院校
10004404,北京建筑大学,北京,高等院校
10005404,首都医科大学,北京,高等院校
10007001,北京电子科技学院,北京,高等院校
10007202,中国人民解放军陆军装甲兵学院,北京,高等院校
10008101,北京理工大学,北京,高等院校
10008113,中央财经大学,北京,高等院校
10008133,中央民族大学,北京,高等院校
10008179,北京外国语大学,北京,高等院校
10008301,北京航空航天大学,北京,高等院校
10008302,北京科技大学,北京,高等院校
10008304,北京林业大学,北京,高等院校
10008310,中国石油大学（北京）,北京,高等院校
10008312,中国地质大学（北京）,北京,高等院校
10008316,中国矿业大学（北京）,北京,高等院校
10008364,北京城市学院,北京,高等院校
10008404,北京体育大学,北京,高等院校
10008405,清华大学,北京,高等院校
10008408,北京语言大学,北京,高等院校
10008501,北京信息科技大学,北京,高等院校
10008801,北京邮电大学,北京,高等院校
10008902,中国青年政治学院,北京,高等院校
10009115,中国人民解放军国防大学,北京,高等院校
10009401,中国农业大学,北京,高等院校
10010202,中国民航管理干部学院,北京,高等院校
10087101,北京大学,北京,高等院校
10087201,中国人民大学,北京,高等院校
10087501,北京师范大学,北京,高等院校
10140701,中国人民解放军战略支援部队航天工程大学,北京,高等院校
10220504,中国人民解放军陆军防化学院,北京,高等院校
10220603,华北电力大学,北京,高等院校
10220801,北京农学院,北京,高等院校
10224901,中国政法大学,北京,高等院校
10260001,北京印刷学院,北京,高等院校
10260002,北京石油化工学院,北京,高等院校
10260003,中国人民公安大学,北京,高等院校
90000382,中国劳动关系学院,北京,高等院校
90000601,首都体育学院,北京,高等院校
90000782,国际关系学院,北京,高等院校
99982918,北京电子科技职业学院,北京,高等院校
99983265,外交学院,北京,高等院校
99983493,中国人民解放军陆军航空兵学院,北京,高等院校
99983698,中国人民武装警察部队警种学院,北京,高等院校
99984066,北京开放大学,北京,高等院校
99984320,国家开放大学,北京,高等院校
99984754,中央美术学院,北京,高等院校
81000111,青海大学附属医院,青海,高等院校
81000801,青海师范大学,青海,高等院校
81001606,青海大学,青海,高等院校
90000032,青海民族大学,青海,高等院校
25001403,山东师范大学,山东,高等院校
25001404,山东财经大学,山东,高等院校
25001405,山东中医药大学,山东,高等院校
25001415,山东建筑大学,山东,高等院校
25002201,济南大学,山东,高等院校
25010001,山东大学,山东,高等院校
25010003,齐鲁工业大学,山东,高等院校
25205901,聊城大学,山东,高等院校
25504901,山东理工大学,山东,高等院校
25660001,滨州学院,山东,高等院校
25660002,滨州医学院,山东,高等院校
25706201,中国石油大学（华东）,山东,高等院校
26104201,潍坊医学院,山东,高等院校
26400103,中国人民解放军海军航空大学,山东,高等院校
26400501,烟台大学,山东,高等院校
26400502,山东工商学院,山东,高等院校
26402501,鲁东大学,山东,高等院校
26520001,青岛农业大学,山东,高等院校
26600302,中国海洋大学,山东,高等院校
26603301,青岛理工大学,山东,高等院校
26604201,青岛科技大学,山东,高等院校
26607102,青岛大学,山东,高等院校
26607110,中国人民解放军海军潜艇学院,山东,高等院校
27100001,山东科技大学,山东,高等院校
27100003,山东第一医科大学,山东,高等院校
27101801,山东农业大学,山东,高等院校
27102101,泰山学院,山东,高等院校
27211301,济宁医学院,山东,高等院校
27310001,曲阜师范大学,山东,高等院校
27600501,临沂大学,山东,高等院校
90000234,德州学院,山东,高等院校
90000340,潍坊学院,山东,高等院校
90000443,山东交通学院,山东,高等院校
90000653,山东医学高等专科学校,山东,高等院校
99982735,齐鲁师范学院,山东,高等院校
99982754,济宁学院,山东,高等院校
99982805,枣庄学院,山东,高等院校
99982811,菏泽学院,山东,高等院校
99982877,山东警察学院,山东,高等院校
99983332,潍坊科技学院,山东,高等院校
99983505,山东英才学院,山东,高等院校
99983590,山东青年政治学院,山东,高等院校
99983619,山东管理学院,山东,高等院校
99983656,山东协和学院,山东,高等院校
99983755,山东农业工程学院,山东,高等院校
99983823,烟台南山学院,山东,高等院校
99983922,青岛工学院,山东,高等院校
99983992,青岛黄海学院,山东,高等院校
99984008,青岛滨海学院,山东,高等院校
99984046,山东体育学院,山东,高等院校
99984453,中国农业大学烟台研究院,山东,高等院校
99984548,山东女子学院,山东,高等院校
99984581,齐鲁理工学院,山东,高等院校
99984613,齐鲁医药学院,山东,高等院校
03000101,山西医科大学,山西,高等院校
03000602,山西大学,山西,高等院校
03000608,山西中医药大学,山西,高等院校
03001202,山西财经大学,山西,高等院校
03001204,太原师范学院,山西,高等院校
03002401,太原理工大学,山西,高等院校
03002402,太原科技大学,山西,高等院校
03005101,中北大学,山西,高等院校
03080101,山西农业大学,山西,高等院校
03700001,山西大同大学,山西,高等院校
04100401,山西师范大学,山西,高等院校
04600002,长治医学院,山西,高等院校
90000196,运城学院,山西,高等院校
90000238,长治学院,山西,高等院校
99982640,太原工业学院,山西,高等院校
99983290,晋中学院,山西,高等院校
99984180,忻州师范学院,山西,高等院校
99984239,山西工程技术学院,山西,高等院校
99984327,山西大学商务学院,山西,高等院校
99984354,太原学院,山西,高等院校
99984415,山西能源学院,山西,高等院校
99984631,吕梁学院,山西,高等院校
99984642,山西卫生健康职业学院,山西,高等院校
71002503,中国人民解放军火箭军工程大学,陕西,高等院校
71003201,西安工业大学,陕西,高等院校
71003202,中国人民解放军第四军医大学,陕西,高等院校
71003801,中国人民解放军空军工程大学,陕西,高等院校
71004801,西安理工大学,陕西,高等院校
71004802,西安工程大学,陕西,高等院校
71004901,西安交通大学,陕西,高等院校
71005403,西安科技大学,陕西,高等院校
71005501,西安建筑科技大学,陕西,高等院校
71005802,西安体育学院,陕西,高等院校
71006103,西安石油大学,陕西,高等院校
71006115,西安邮电大学,陕西,高等院校
71006129,西安财经大学,陕西,高等院校
71006201,陕西师范大学,陕西,高等院校
71006401,长安大学,陕西,高等院校
71006901,西北大学,陕西,高等院校
71006902,西安外国语大学,陕西,高等院校
71007101,西安电子科技大学,陕西,高等院校
71007201,西北工业大学,陕西,高等院校
71208101,陕西科技大学,陕西,高等院校
71208301,陕西中医药大学,陕西,高等院校
71210002,西北农林科技大学,陕西,高等院校
71600002,延安大学,陕西,高等院校
90000087,陕西理工大学,陕西,高等院校
90000153,中国人民武装警察部队工程大学,陕西,高等院校
90000157,宝鸡文理学院,陕西,高等院校
90000421,咸阳师范学院,陕西,高等院校
90000480,西藏民族大学,陕西,高等院校
90000556,西安文理学院,陕西,高等院校
90000934,西京学院,陕西,高等院校
90000935,榆林学院,陕西,高等院校
90000973,西安医学院,陕西,高等院校
99982657,渭南师范学院,陕西,高等院校
99983356,商洛学院,陕西,高等院校
99983412,西北政法大学,陕西,高等院校
99983572,西安航空学院,陕西,高等院校
99983659,西安外事学院,陕西,高等院校
99983910,西安翻译学院,陕西,高等院校
99984014,陕西广播电视大学,陕西,高等院校
99984370,安康学院,陕西,高等院校
99984532,陕西国际商贸学院,陕西,高等院校
99984545,西安欧亚学院,陕西,高等院校
99984604,西安思源学院,陕西,高等院校
99984667,西安培华学院,陕西,高等院校
99984685,陕西学前师范学院,陕西,高等院校
99984725,西安美术学院,陕西,高等院校
20003001,上海交通大学,上海,高等院校
20003206,上海中医药大学,上海,高等院校
20004103,上海第二工业大学,上海,高等院校
20005101,上海工程技术大学,上海,高等院校
20005102,东华大学,上海,高等院校
20006201,华东师范大学,上海,高等院校
20007201,上海大学,上海,高等院校
20009001,上海电力大学,上海,高等院校
20009002,上海海洋大学,上海,高等院校
20009202,同济大学,上海,高等院校
20009302,上海理工大学,上海,高等院校
20013501,上海海事大学,上海,高等院校
20023401,上海师范大学,上海,高等院校
20023501,上海应用技术大学,上海,高等院校
20023701,华东理工大学,上海,高等院校
20033602,上海对外经贸大学,上海,高等院校
20043301,复旦大学,上海,高等院校
20043303,中国人民解放军第二军医大学,上海,高等院校
20043305,上海体育学院,上海,高等院校
20043306,上海财经大学,上海,高等院校
20120602,中欧国际工商学院,上海,高等院校
20170201,上海国家会计学院,上海,高等院校
90000180,上海电机学院,上海,高等院校
90000432,上海立信会计金融学院,上海,高等院校
90000543,上海外国语大学,上海,高等院校
90000867,上海商学院,上海,高等院校
99982845,华东政法大学,上海,高等院校
99983151,上海海关学院,上海,高等院校
99983570,上海科技大学,上海,高等院校
99983741,上海纽约大学,上海,高等院校
99983988,上海健康医学院,上海,高等院校
99984114,上海科技管理干部学院,上海,高等院校
99984325,上海开放大学,上海,高等院校
99984698,上海城建职业学院,上海,高等院校
61003101,西南交通大学,四川,高等院校
61004101,成都信息工程大学,四川,高等院校
61004106,西南民族大学,四川,高等院校
61004112,成都体育学院,四川,高等院校
61005401,电子科技大学,四川,高等院校
61005901,成都理工大学,四川,高等院校
61006403,四川大学,四川,高等院校
61006603,四川师范大学,四川,高等院校
61007401,西南财经大学,四川,高等院校
61007501,成都中医药大学,四川,高等院校
61007504,成都大学,四川,高等院校
61174401,西华大学,四川,高等院校
61400401,乐山师范学院,四川,高等院校
62100201,西南科技大学,四川,高等院校
62501401,四川农业大学,四川,高等院校
63700002,西南石油大学,四川,高等院校
63700202,西华师范大学,四川,高等院校
63700703,川北医学院,四川,高等院校
64303301,四川轻化工大学,四川,高等院校
64600002,西南医科大学,四川,高等院校
90000090,绵阳师范学院,四川,高等院校
90000139,内江师范学院,四川,高等院校
90000242,中国民用航空飞行学院,四川,高等院校
90000384,成都医学院,四川,高等院校
90000734,宜宾学院,四川,高等院校
90000809,攀枝花学院,四川,高等院校
90000810,西昌学院,四川,高等院校
99982853,成都师范学院,四川,高等院校
99983322,四川民族学院,四川,高等院校
99983589,四川旅游学院,四川,高等院校
99983603,成都工业学院,四川,高等院校
99983657,中国人民武装警察部队警官学院,四川,高等院校
99984154,四川警察学院,四川,高等院校
99984434,阿坝师范学院,四川,高等院校
99984687,四川文理学院,四川,高等院校
99984693,四川广播电视大学,四川,高等院校
30007002,天津医科大学,天津,高等院校
30007101,南开大学,天津,高等院校
30007201,天津大学,天津,高等院校
30007401,天津师范大学,天津,高等院校
30007402,天津中医药大学,天津,高等院校
30013001,河北工业大学,天津,高等院校
30016001,天津工业大学,天津,高等院校
30016102,中国人民解放军军事交通学院,天津,高等院校
30016201,中国人民武装警察部队后勤学院,天津,高等院校
30019102,天津理工大学,天津,高等院校
30022201,天津科技大学,天津,高等院校
30022202,天津财经大学,天津,高等院校
30022207,天津职业技术师范大学,天津,高等院校
30030001,中国民航大学,天津,高等院校
30038101,天津体育学院,天津,高等院校
30038105,天津城建大学,天津,高等院校
30038401,天津农学院,天津,高等院校
30040003,天津商业大学,天津,高等院校
99983610,南开大学滨海学院,天津,高等院校
99984431,天津外国语大学,天津,高等院校
99984501,天津中德应用技术大学,天津,高等院校
85000016,西藏大学,西藏,高等院校
85040001,西藏农牧学院,西藏,高等院校
90000438,西藏藏医学院,西藏,高等院校
83001201,新疆财经大学,新疆,高等院校
83004301,新疆教育学院,新疆,高等院校
83004601,新疆大学,新疆,高等院校
83005201,新疆农业大学,新疆,高等院校
83005301,新疆师范大学,新疆,高等院校
83005401,新疆医科大学,新疆,高等院校
83110021,昌吉学院,新疆,高等院校
83200201,石河子大学,新疆,高等院校
83500010,伊犁师范大学,新疆,高等院校
90000518,塔里木大学,新疆,高等院校
90000751,喀什大学,新疆,高等院校
99983488,新疆工程学院,新疆,高等院校
99983753,中国人民武装警察部队工程大学乌鲁木齐校区,新疆,高等院校
99983828,新疆警察学院,新疆,高等院校
65001107,云南中医药大学,云南,高等院校
65003101,昆明医科大学,云南,高等院校
65003103,云南民族大学,云南,高等院校
65009101,云南大学,云南,高等院校
65009201,云南师范大学,云南,高等院校
65009301,昆明理工大学,云南,高等院校
65020101,云南农业大学,云南,高等院校
65022102,云南财经大学,云南,高等院校
65022401,西南林业大学,云南,高等院校
65310002,玉溪师范学院,云南,高等院校
65500001,曲靖师范学院,云南,高等院校
67100002,大理大学,云南,高等院校
67500021,楚雄师范学院,云南,高等院校
90000430,红河学院,云南,高等院校
99982674,普洱学院,云南,高等院校
99982758,昆明学院,云南,高等院校
99983030,保山学院,云南,高等院校
99983748,昭通学院,云南,高等院校
99984019,滇西科技师范学院,云南,高等院校
99984177,云南经济管理学院,云南,高等院校
99984422,云南警官学院,云南,高等院校
99984584,文山学院,云南,高等院校
99984720,昆明冶金高等专科学校,云南,高等院校
35000201,福建农林大学,福建,高等院校
35000202,福州大学,福建,高等院校
35000302,福建中医药大学,福建,高等院校
35000401,福建医科大学,福建,高等院校
35000702,福建师范大学,福建,高等院校
36100502,厦门大学,福建,高等院校
36102101,集美大学,福建,高等院校
36200003,泉州师范学院,福建,高等院校
36201101,华侨大学,福建,高等院校
36300001,闽南师范大学,福建,高等院校
90000135,福建工程学院,福建,高等院校
90000150,闽江学院,福建,高等院校
90000257,莆田学院,福建,高等院校
90000688,三明学院,福建,高等院校
90000754,厦门理工学院,福建,高等院校
90000797,龙岩学院,福建,高等院校
99982635,武夷学院,福建,高等院校
99982690,厦门国家会计学院,福建,高等院校
99982874,厦门医学院,福建,高等院校
99983218,宁德师范学院,福建,高等院校
99983272,福建教育学院,福建,高等院校
99983479,福建江夏学院,福建,高等院校
99983923,厦门华厦学院,福建,高等院校
99983980,阳光学院,福建,高等院校
99984376,福州外语外贸学院,福建,高等院校
99984518,厦门城市职业学院,福建,高等院校
99984614,福建警察学院,福建,高等院校
99984665,福建师范大学福清分校,福建,高等院校
99984767,厦门海洋职业技术学院,福建,高等院校
99984776,集美大学诚毅学院,福建,高等院校
31000902,浙江中医药大学,浙江,高等院校
31001202,杭州电子科技大学,浙江,高等院校
31001203,杭州师范大学,浙江,高等院校
31001204,浙江理工大学,浙江,高等院校
31001205,浙江财经大学,浙江,高等院校
31001209,浙江科技学院,浙江,高等院校
31001401,浙江工业大学,浙江,高等院校
31002701,浙江大学,浙江,高等院校
31003401,中国计量大学,浙江,高等院校
31003501,浙江工商大学,浙江,高等院校
31130601,浙江农林大学,浙江,高等院校
31200001,绍兴文理学院,浙江,高等院校
31300003,湖州师范学院,浙江,高等院校
31400101,嘉兴学院,浙江,高等院校
31500001,宁波工程学院,浙江,高等院校
31501401,浙江大学宁波理工学院,浙江,高等院校
31510102,浙江万里学院,浙江,高等院校
31521101,宁波大学,浙江,高等院校
31600401,浙江海洋大学,浙江,高等院校
32100401,浙江师范大学,浙江,高等院校
32500301,温州医科大学,浙江,高等院校
32502702,温州大学,浙江,高等院校
90000035,金华职业技术学院,浙江,高等院校
90000245,浙江树人学院,浙江,高等院校
90000261,浙江医药高等专科学校,浙江,高等院校
90000266,台州学院,浙江,高等院校
90000309,杭州医学院,浙江,高等院校
90000353,丽水学院,浙江,高等院校
90000422,浙江传媒学院,浙江,高等院校
90000881,浙江大学城市学院,浙江,高等院校
99982637,宁波诺丁汉大学,浙江,高等院校
99982672,浙江警察学院,浙江,高等院校
99982673,宁波财经学院,浙江,高等院校
99982725,浙江纺织服装职业技术学院,浙江,高等院校
99982751,宁波卫生职业技术学院,浙江,高等院校
99983093,衢州学院,浙江,高等院校
99983233,浙江外国语学院,浙江,高等院校
99983407,中国人民武装警察部队海警学院,浙江,高等院校
99983498,浙江水利水电学院,浙江,高等院校
99983596,温州商学院,浙江,高等院校
99983879,温州肯恩大学,浙江,高等院校
99983967,温州大学瓯江学院,浙江,高等院校
99984091,浙江广播电视大学,浙江,高等院校
99984341,中国美术学院,浙江,高等院校
99984359,宁波广播电视大学（宁波社区大学）,浙江,高等院校
99984384,浙江音乐学院,浙江,高等院校
99984496,西湖大学,浙江,高等院校
99984766,上海财经大学浙江学院,浙江,高等院校
40006702,重庆工商大学,重庆,高等院校
40400001,重庆三峡学院,重庆,高等院校
63003801,中国人民解放军第三军医大学,重庆,高等院校
63004201,中国人民解放军陆军勤务学院,重庆,高等院校
63004301,重庆第二师范学院,重庆,高等院校
63004401,重庆大学,重庆,高等院校
63004601,重庆医科大学,重庆,高等院校
63004701,重庆师范大学,重庆,高等院校
63005001,重庆理工大学,重庆,高等院校
63006503,重庆邮电大学,重庆,高等院校
63007401,重庆交通大学,重庆,高等院校
63071501,西南大学,重庆,高等院校
90000415,重庆科技学院,重庆,高等院校
90000690,西南政法大学,重庆,高等院校
90000896,长江师范学院,重庆,高等院校
99982617,重庆文理学院,重庆,高等院校
99983223,四川外国语大学,重庆,高等院校
99984352,四川美术学院,重庆,高等院校
99984778,重庆警察学院,重庆,高等院校
73000026,甘肃中医药大学,甘肃,高等院校
73000101,兰州大学,甘肃,高等院校
73003001,西北民族大学,甘肃,高等院校
73005001,兰州理工大学,甘肃,高等院校
73007001,甘肃农业大学,甘肃,高等院校
73007003,兰州交通大学,甘肃,高等院校
73007004,西北师范大学,甘肃,高等院校
74100101,天水师范学院,甘肃,高等院校
90000166,兰州财经大学,甘肃,高等院校
90000463,兰州城市学院,甘肃,高等院校
90000483,陇东学院,甘肃,高等院校
90000744,甘肃政法学院,甘肃,高等院校
90000971,河西学院,甘肃,高等院校
99983253,甘肃民族师范学院,甘肃,高等院校
99983355,兰州工业学院,甘肃,高等院校
99984378,兰州文理学院,甘肃,高等院校
51009001,广东工业大学,广东,高等院校
51018201,广州医科大学,广东,高等院校
51022401,广东药科大学,广东,高等院校
51022501,仲恺农业工程学院,广东,高等院校
51027501,中山大学,广东,高等院校
51030050,广东轻工职业技术学院,广东,高等院校
51030301,广东第二师范学院,广东,高等院校
51032001,广东财经大学,广东,高等院校
51040501,广州大学,广东,高等院校
51040701,广州中医药大学,广东,高等院校
51051501,南方医科大学,广东,高等院校
51063101,华南师范大学,广东,高等院校
51063201,暨南大学,广东,高等院校
51063301,广东技术师范大学,广东,高等院校
51064101,华南理工大学,广东,高等院校
51064201,华南农业大学,广东,高等院校
51072501,广州航海学院,广东,高等院校
51170003,东莞理工学院,广东,高等院校
51200501,韶关学院,广东,高等院校
51503101,汕头大学,广东,高等院校
51805501,深圳职业技术学院,广东,高等院校
51806001,深圳大学,广东,高等院校
52402201,岭南师范学院,广东,高等院校
52402301,广东医科大学,广东,高等院校
52402501,广东海洋大学,广东,高等院校
52500001,广东石油化工学院,广东,高等院校
52606101,肇庆学院,广东,高等院校
52800002,佛山科学技术学院,广东,高等院校
52902001,五邑大学,广东,高等院校
90000031,韩山师范学院,广东,高等院校
90000164,嘉应学院,广东,高等院校
90000175,广东外语外贸大学,广东,高等院校
90000179,惠州学院,广东,高等院校
90000279,广州民航职业技术学院,广东,高等院校
90000377,深圳信息职业技术学院,广东,高等院校
90000416,广东金融学院,广东,高等院校
90000492,广州体育学院,广东,高等院校
90000720,广东食品药品职业学院,广东,高等院校
90000912,广东警官学院,广东,高等院校
90000921,顺德职业技术学院,广东,高等院校
90000962,电子科技大学中山学院,广东,高等院校
99982969,北京师范大学-香港浸会大学联合国际学院,广东,高等院校
99983366,南方科技大学,广东,高等院校
99983450,北京师范大学珠海分校,广东,高等院校
99983452,中国人民解放军海军陆战学院,广东,高等院校
99983712,香港中文大学（深圳）,广东,高等院校
99983824,北京大学深圳研究生院,广东,高等院校
99983836,广州市广播电视大学,广东,高等院校
99984316,广东开放大学,广东,高等院校
99984537,广东以色列理工学院,广东,高等院校
99984696,深圳技术大学,广东,高等院校
99984711,广东科贸职业学院,广东,高等院校
99984806,广东机电职业技术学院,广东,高等院校
53000103,南宁师范大学,广西,高等院校
53000106,广西中医药大学,广西,高等院校
53000401,广西大学,广西,高等院校
53000601,广西民族大学,广西,高等院校
53002701,广西医科大学,广西,高等院校
53300001,右江民族医学院,广西,高等院校
54100102,桂林医学院,广西,高等院校
54100402,广西师范大学,广西,高等院校
54100403,桂林理工大学,广西,高等院校
54100405,桂林电子科技大学,广西,高等院校
54500502,广西科技大学,广西,高等院校
90000510,广西财经学院,广西,高等院校
90000725,玉林师范学院,广西,高等院校
90000726,河池学院,广西,高等院校
90000807,百色学院,广西,高等院校
90000969,广西科技师范学院,广西,高等院校
90000983,梧州学院,广西,高等院校
99982731,北部湾大学,广西,高等院校
99982762,贺州学院,广西,高等院校
99983243,广西民族师范学院,广西,高等院校
99983401,桂林航天工业学院,广西,高等院校
99983586,南宁学院,广西,高等院校
99983920,广西大学行健文理学院,广西,高等院校
99984130,桂林旅游学院,广西,高等院校
99984233,广西广播电视大学,广西,高等院校
99984413,广西艺术学院,广西,高等院校
99984493,广西教育学院,广西,高等院校
99984762,广西科技大学鹿山学院,广西,高等院校
55000101,贵州医科大学,贵州,高等院校
55000107,贵州师范大学,贵州,高等院校
55000207,贵州中医药大学,贵州,高等院校
55000303,贵州财经大学,贵州,高等院校
55002501,贵州大学,贵州,高等院校
55002502,贵州民族大学,贵州,高等院校
56300301,遵义医科大学,贵州,高等院校
90000216,贵州师范学院,贵州,高等院校
90000808,遵义师范学院,贵州,高等院校
90000925,安顺学院,贵州,高等院校
90000986,贵州工程应用技术学院,贵州,高等院校
99982701,黔南民族师范学院,贵州,高等院校
99982704,贵阳学院,贵州,高等院校
99982768,凯里学院,贵州,高等院校
99983167,铜仁学院,贵州,高等院校
99983365,六盘水师范学院,贵州,高等院校
99983378,兴义民族师范学院,贵州,高等院校
99983466,贵州理工学院,贵州,高等院校
99984106,贵州商学院,贵州,高等院校
99984610,贵州警察学院,贵州,高等院校
57000501,海南医学院,海南,高等院校
57115801,海南师范大学,海南,高等院校
90000052,海南热带海洋学院,海南,高等院校
90000946,海南大学,海南,高等院校
99984064,三亚学院,海南,高等院校
99984503,海口经济学院,海南,高等院校
99984635,琼台师范学院,海南,高等院校
05001103,河北医科大学,河北,高等院校
05001601,河北师范大学,河北,高等院校
05001801,河北科技大学,河北,高等院校
05003101,河北地质大学,河北,高等院校
05004101,石家庄铁道大学,河北,高等院校
05009102,河北经贸大学,河北,高等院校
05603801,河北工程大学,河北,高等院校
06300002,华北理工大学,河北,高等院校
06500001,中国人民警察大学,河北,高等院校
06500040,廊坊师范学院,河北,高等院校
06600401,燕山大学,河北,高等院校
06660001,河北科技师范学院,河北,高等院校
06700001,承德医学院,河北,高等院校
07100101,河北农业大学,河北,高等院校
07100201,河北大学,河北,高等院校
07100301,华北电力大学（保定）,河北,高等院校
07502901,河北北方学院,河北,高等院校
10160105,防灾科技学院,河北,高等院校
10160106,华北科技学院,河北,高等院校
90000296,石家庄学院,河北,高等院校
90000965,唐山学院,河北,高等院校
99982619,衡水学院,河北,高等院校
99982631,河北化工医药职业技术学院,河北,高等院校
99982720,唐山师范学院,河北,高等院校
99982863,保定学院,河北,高等院校
99983047,北华航天工业学院,河北,高等院校
99983732,河北民族师范学院,河北,高等院校
99983733,河北中医学院,河北,高等院校
99984188,河北金融学院,河北,高等院校
99984198,河北建筑工程学院,河北,高等院校
99984199,邯郸学院,河北,高等院校
99984273,沧州师范学院,河北,高等院校
99984561,河北水利电力学院,河北,高等院校
99984721,邢台学院,河北,高等院校
21000202,中国人民解放军东部战区疾病预防控制中心,江苏,科学研究机构
21000505,江苏省社会科学院,江苏,科学研究机构
21000804,中国科学院南京地理与湖泊研究所,江苏,科学研究机构
21000805,中国科学院南京地质古生物研究所,江苏,科学研究机构
21000806,中国科学院南京土壤研究所,江苏,科学研究机构
21000807,中国科学院紫金山天文台,江苏,科学研究机构
21000814,江苏省气象科学研究所,江苏,科学研究机构
21001201,生态环境部南京环境科学研究所,江苏,科学研究机构
21001402,江苏省农业科学院,江苏,科学研究机构
21001403,农业农村部南京农业机械化研究所,江苏,科学研究机构
21001411,江苏省中国科学院植物研究所,江苏,科学研究机构
21001601,中国地质调查局南京地质调查中心,江苏,科学研究机构
21001602,中国电子科技集团公司第五十五研究所,江苏,科学研究机构
21002404,水利部交通运输部国家能源局南京水利科学研究院,江苏,科学研究机构
21003101,中国林业科学研究院林产化学工业研究所,江苏,科学研究机构
21004203,中国科学院国家天文台南京天文光学技术研究所,江苏,科学研究机构
21406301,江苏省原子医学研究所,江苏,科学研究机构
21406402,江苏省血吸虫病防治研究所,江苏,科学研究机构
21408101,中国水产科学研究院淡水渔业研究中心,江苏,科学研究机构
21408201,中国船舶科学研究中心,江苏,科学研究机构
21408301,中国人民解放军战略支援部队第五十六研究所,江苏,科学研究机构
22500202,江苏里下河地区农业科学研究所,江苏,科学研究机构
22600601,江苏省海洋水产研究所,江苏,科学研究机构
90000008,国网电力科学研究院有限公司,江苏,科学研究机构
90000076,江苏省家禽科学研究所,江苏,科学研究机构
90000155,江苏省林业科学研究院,江苏,科学研究机构
90000449,江苏徐州甘薯研究中心,江苏,科学研究机构
90000453,江苏省地质调查研究院,江苏,科学研究机构
90000826,江苏省建筑科学研究院有限公司,江苏,科学研究机构
90000872,中国科学院苏州纳米技术与纳米仿生研究所,江苏,科学研究机构
90001003,江苏省安全生产科学研究院,江苏,科学研究机构
99982659,西安交通大学苏州研究院,江苏,科学研究机构
99982670,常州南京大学高新技术研究院,江苏,科学研究机构
99982682,江苏省环境科学研究院,江苏,科学研究机构
99982739,中国科学技术大学苏州研究院,江苏,科学研究机构
99982753,江苏丘陵地区镇江农业科学研究所,江苏,科学研究机构
99982767,中华全国供销合作总社南京野生植物综合利用研究所,江苏,科学研究机构
99982800,中国科学院苏州生物医学工程技术研究所,江苏,科学研究机构
99983081,中国电子科技集团公司第十四研究所,江苏,科学研究机构
99983199,中国电子科技集团公司第二十八研究所,江苏,科学研究机构
99983391,江苏省水利科学研究院,江苏,科学研究机构
99983486,苏州工业园区新国大研究院,江苏,科学研究机构
99983492,无锡清华信息科学与技术国家实验室物联网技术中心,江苏,科学研究机构
99983562,中国人民解放军63983部队,江苏,科学研究机构
99983564,北京化工大学常州先进材料研究院,江苏,科学研究机构
99983591,江苏省质量安全工程研究院,江苏,科学研究机构
99983611,中国航空工业集团公司雷华电子技术研究所,江苏,科学研究机构
99983662,江南石墨烯研究院,江苏,科学研究机构
99983714,华北电力大学苏州研究院,江苏,科学研究机构
99983769,苏州系统医学研究所,江苏,科学研究机构
99983820,中国科学院电子学研究所苏州研究院,江苏,科学研究机构
99983841,山东大学苏州研究院,江苏,科学研究机构
99983861,江苏省城市发展研究所,江苏,科学研究机构
99983862,武汉大学苏州研究院,江苏,科学研究机构
99983866,苏州工业园区洛加大先进技术研究院,江苏,科学研究机构
99983870,南京信息技术研究院,江苏,科学研究机构
99984010,江苏省海洋资源开发研究院（连云港）,江苏,科学研究机构
99984092,中国电子科技集团公司第五十八研究所,江苏,科学研究机构
99984141,南京市特种设备安全监督检验研究院,江苏,科学研究机构
99984169,常州博物馆,江苏,科学研究机构
99984220,常州光电技术研究所,江苏,科学研究机构
99984260,中国科学院兰州化学物理研究所苏州研究院,江苏,科学研究机构
99984297,江苏省计划生育科学技术研究所,江苏,科学研究机构
99984304,公安部交通管理科学研究所,江苏,科学研究机构
99984396,水利部南京水利水文自动化研究所,江苏,科学研究机构
99984495,华中科技大学无锡研究院,江苏,科学研究机构
99984504,华中科技大学苏州脑空间信息研究院,江苏,科学研究机构
99984528,清华大学无锡应用技术研究院,江苏,科学研究机构
99984633,国家超级计算无锡中心,江苏,科学研究机构
99984639,中国航发控制系统研究所,江苏,科学研究机构
99984657,中国航空工业集团公司金城南京机电液压工程研究中心,江苏,科学研究机构
99984727,清华大学苏州汽车研究院（吴江）,江苏,科学研究机构
99984749,江苏省淡水水产研究所,江苏,科学研究机构
99984791,清华苏州环境创新研究院,江苏,科学研究机构
99984802,公安部南京警犬研究所,江苏,科学研究机构
33000611,江西省医学科学院,江西,科学研究机构
33002903,江西省科学院,江西,科学研究机构
33003202,江西省林业科学院,江西,科学研究机构
33004614,江西省气象科学研究所,江西,科学研究机构
33020001,江西省农业科学院,江西,科学研究机构
90000351,江西省寄生虫病防治研究所,江西,科学研究机构
90000769,江西省、中国科学院庐山植物园,江西,科学研究机构
90000947,江西省环境保护科学研究院,江西,科学研究机构
90000950,江西省水土保持科学研究院,江西,科学研究机构
99983160,江西省水利科学研究院,江西,科学研究机构
99983309,江西省交通科学研究院,江西,科学研究机构
99983622,南昌市农业科学院,江西,科学研究机构
99983718,江西省灌溉试验中心站,江西,科学研究机构
99983962,江西省蚕桑茶叶研究所,江西,科学研究机构
99984073,中国林业科学研究院亚热带林业实验中心,江西,科学研究机构
99984159,江西省棉花研究所,江西,科学研究机构
99984162,江西省分析测试研究所,江西,科学研究机构
99984185,江西省中医药研究院,江西,科学研究机构
99984242,赣州市柑桔科学研究所,江西,科学研究机构
99984257,江西省农业机械研究所,江西,科学研究机构
99984268,江西省水产科学研究所,江西,科学研究机构
99984374,中国科学院苏州纳米技术与纳米仿生研究所南昌研究院,江西,科学研究机构
99984377,江西省养蜂研究所,江西,科学研究机构
99984401,萍乡市林业科学研究所,江西,科学研究机构
99984403,江西省遥感信息系统中心,江西,科学研究机构
99984620,核工业二七0研究所,江西,科学研究机构
99984847,江西省红壤研究所,江西,科学研究机构
11000302,中国科学院沈阳自动化研究所,辽宁,科学研究机构
11001505,中国科学院金属研究所,辽宁,科学研究机构
11001506,中国科学院沈阳应用生态研究所,辽宁,科学研究机构
11003201,中国地质调查局沈阳地质调查中心,辽宁,科学研究机构
11003502,中国航空工业集团公司沈阳飞机设计研究所,辽宁,科学研究机构
11016101,辽宁省农业科学院,辽宁,科学研究机构
11300102,煤科集团沈阳研究院有限公司,辽宁,科学研究机构
11601201,中国科学院大连化学物理研究所,辽宁,科学研究机构
11602308,国家海洋环境监测中心,辽宁,科学研究机构
12160001,中国农业科学院果树研究所,辽宁,科学研究机构
90000017,中国气象局沈阳大气环境研究所,辽宁,科学研究机构
90000505,辽宁省海洋水产科学研究院,辽宁,科学研究机构
90000610,中国航空工业集团公司沈阳空气动力研究所,辽宁,科学研究机构
90000990,辽宁省检验检疫科学技术研究院,辽宁,科学研究机构
99982830,中国船舶重工集团公司第七六O研究所,辽宁,科学研究机构
99983105,辽宁省林业科学研究院,辽宁,科学研究机构
99983400,中国航发沈阳发动机研究所,辽宁,科学研究机构
99983651,应急管理部沈阳消防研究所,辽宁,科学研究机构
99983747,辽宁省生态气象和卫星遥感中心,辽宁,科学研究机构
99983777,中国人民解放军92337部队,辽宁,科学研究机构
99983839,沈阳环境科学研究院,辽宁,科学研究机构
99983844,丹东农业科学院,辽宁,科学研究机构
99983893,辽宁省财政科学研究所,辽宁,科学研究机构
99983952,辽宁省基础医学研究所,辽宁,科学研究机构
99984146,大连市环境科学设计研究院,辽宁,科学研究机构
99984156,中国人民解放军91550部队,辽宁,科学研究机构
99984324,辽宁省沙地治理与利用研究所,辽宁,科学研究机构
99984470,大连市药品检验所,辽宁,科学研究机构
99984609,核工业二四0研究所,辽宁,科学研究机构
99984628,大连理工大学盘锦产业技术研究院,辽宁,科学研究机构
99984833,大连市检验检测认证技术服务中心,辽宁,科学研究机构
01001001,内蒙古自治区林业科学研究院,内蒙古,科学研究机构
01001003,中国农业科学院草原研究所,内蒙古,科学研究机构
01001020,内蒙古自治区社会科学院,内蒙古,科学研究机构
01001021,水利部牧区水利科学研究所,内蒙古,科学研究机构
01003101,内蒙古自治区农牧业科学院,内蒙古,科学研究机构
01005101,内蒙古自治区气象科学研究所,内蒙古,科学研究机构
01401005,包头稀土研究院,内蒙古,科学研究机构
99983346,内蒙古自治区国际蒙医医院,内蒙古,科学研究机构
99983674,鄂尔多斯大规模储能技术研究所,内蒙古,科学研究机构
99983867,赤峰市农牧科学研究院,内蒙古,科学研究机构
99983931,内蒙古自治区生物技术研究院,内蒙古,科学研究机构
99983983,内蒙金属材料研究所,内蒙古,科学研究机构
99984052,中国林业科学研究院沙漠林业实验中心,内蒙古,科学研究机构
99984135,内蒙古自治区水利水电勘测设计院,内蒙古,科学研究机构
99984295,通辽市农业科学研究院,内蒙古,科学研究机构
99984339,乌兰察布市农牧业科学研究院,内蒙古,科学研究机构
99984407,内蒙古蒙医药工程技术研究院,内蒙古,科学研究机构
99984699,兴安盟农牧业科学研究所,内蒙古,科学研究机构
99984760,内蒙古自治区交通运输发展研究中心,内蒙古,科学研究机构
99984772,包头市农牧业科学研究院,内蒙古,科学研究机构
99984830,内蒙合成化工研究所,内蒙古,科学研究机构
75000201,宁夏回族自治区气象科学研究所,宁夏,科学研究机构
75000203,宁夏农林科学院,宁夏,科学研究机构
99983822,宁夏回族医药研究所,宁夏,科学研究机构
99984469,宁夏农产品质量标准与检测技术研究所,宁夏,科学研究机构
99984471,宁夏农林科学院枸杞工程技术研究所,宁夏,科学研究机构
99984473,宁夏农林科学院种质资源研究所,宁夏,科学研究机构
99984475,宁夏农林科学院农业经济与信息技术研究所,宁夏,科学研究机构
99984476,宁夏农林科学院动物科学研究所,宁夏,科学研究机构
99984477,宁夏农林科学院农业生物技术研究中心,宁夏,科学研究机构
99984479,宁夏农林科学院农作物研究所,宁夏,科学研究机构
99984509,宁夏农林科学院荒漠化治理研究所,宁夏,科学研究机构
99984592,宁夏农林科学院农业资源与环境研究所,宁夏,科学研究机构
99984629,宁夏农林科学院植物保护研究所,宁夏,科学研究机构
99984799,宁夏回族自治区中医医院暨中医研究院,宁夏,科学研究机构
10000501,北京市耳鼻咽喉科研究所,北京,科学研究机构
10000503,北京市眼科研究所,北京,科学研究机构
10001003,中国科学院自然科学史研究所,北京,科学研究机构
10001005,北京市中医研究所,北京,科学研究机构
10001201,中国环境科学研究院,北京,科学研究机构
10001202,中国科学院心理研究所,北京,科学研究机构
10001302,煤炭科学技术研究院有限公司,北京,科学研究机构
10001307,中国建筑科学研究院有限公司,北京,科学研究机构
10001316,中国计量科学研究院,北京,科学研究机构
10001702,国务院发展研究中心,北京,科学研究机构
10002003,首都儿科研究所,北京,科学研究机构
10002005,中国社会科学院农村发展研究所,北京,科学研究机构
10002008,北京市预防医学研究中心,北京,科学研究机构
10002403,中国建筑材料科学研究总院有限公司,北京,科学研究机构
10002428,中国航空制造技术研究院,北京,科学研究机构
10002903,中国地震局地质研究所,北京,科学研究机构
10002904,核工业北京地质研究院,北京,科学研究机构
10002906,中国科学院地质与地球物理研究所,北京,科学研究机构
10002908,中国科学院大气物理研究所,北京,科学研究机构
10002909,中国科学院微电子研究所,北京,科学研究机构
10002915,中日友好环境保护中心,北京,科学研究机构
10002936,中国标准化研究院,北京,科学研究机构
10002937,中国安全生产科学研究院,北京,科学研究机构
10003162,中国科学院信息工程研究所,北京,科学研究机构
10003201,农业农村部农村经济研究中心,北京,科学研究机构
10003403,中国地质博物馆,北京,科学研究机构
10003519,北京市创伤骨科研究所,北京,科学研究机构
10003602,中国地震局地震预测研究所,北京,科学研究机构
10003606,中国财政科学研究院,北京,科学研究机构
10003607,中国水产科学研究院,北京,科学研究机构
10003704,北京市环境保护科学研究院,北京,科学研究机构
10003705,中国地质科学院地质研究所,北京,科学研究机构
10003706,中国地质科学院矿产资源研究所,北京,科学研究机构
10003707,国家地质实验测试中心,北京,科学研究机构
10003711,中国城市规划设计研究院,北京,科学研究机构
10003712,中国地质科学院,北京,科学研究机构
10003734,北京城市系统工程研究中心,北京,科学研究机构
10003748,中国信息通信研究院,北京,科学研究机构
10003790,机械工业信息研究院,北京,科学研究机构
10003792,国家粮食和物资储备局科学研究院,北京,科学研究机构
10003801,公安部物证鉴定中心,北京,科学研究机构
10003805,中国科学技术发展战略研究院,北京,科学研究机构
10003806,中国科学技术信息研究所,北京,科学研究机构
10003807,北京矿产地质研究院,北京,科学研究机构
10003901,中国测绘科学研究院,北京,科学研究机构
10003905,中国科学院高能物理研究所,北京,科学研究机构
10003907,中国人民解放军军事科学院系统工程研究院,北京,科学研究机构
10003918,中国中医科学院眼科医院,北京,科学研究机构
10004405,北京市社会科学院,北京,科学研究机构
10004406,北京市水科学技术研究院,北京,科学研究机构
10004408,中国水利水电科学研究院,北京,科学研究机构
10004409,北京矿冶科技集团有限公司,北京,科学研究机构
10004412,中国科学院古脊椎动物与古人类研究所,北京,科学研究机构
10004413,中国科学院植物研究所,北京,科学研究机构
10004418,公安部第一研究所,北京,科学研究机构
10004429,中国电子信息产业发展研究院,北京,科学研究机构
10004514,中国人民银行金融研究所,北京,科学研究机构
10005002,北京市神经外科研究所,北京,科学研究机构
10005009,中国疾病预防控制中心,北京,科学研究机构
10005010,中国疾病预防控制中心环境与健康相关产品安全所,北京,科学研究机构
10005012,中国疾病预防控制中心职业卫生与中毒控制所,北京,科学研究机构
10005013,中国疾病预防控制中心营养与健康所,北京,科学研究机构
10005015,中国疾病预防控制中心性病艾滋病预防控制中心,北京,科学研究机构
10005201,中国疾病预防控制中心病毒病预防控制所,北京,科学研究机构
10005302,中国中医科学院广安门医院,北京,科学研究机构
10005402,北京市劳动保护科学研究所,北京,科学研究机构
10006102,北京市园林科学研究院,北京,科学研究机构
10006103,国家体育总局体育科学研究所,北京,科学研究机构
10007201,中国北方车辆研究所,北京,科学研究机构
10007401,中国航天空气动力技术研究院,北京,科学研究机构
10007701,中国康复研究中心,北京,科学研究机构
10008006,中国高等科学技术中心,北京,科学研究机构
10008010,中国科学院国家天文台,北京,科学研究机构
10008014,中国科学院电工研究所,北京,科学研究机构
10008015,中国科学院电子学研究所,北京,科学研究机构
10008016,中国科学院动物研究所,北京,科学研究机构
10008019,中国科学院工程热物理研究所,北京,科学研究机构
10008021,中国科学院过程工程研究所,北京,科学研究机构
10008022,中国科学院化学研究所,北京,科学研究机构
10008023,中国科学院计算技术研究所,北京,科学研究机构
10008025,中国科学院科技战略咨询研究院,北京,科学研究机构
10008026,中国科学院国家空间科学中心,北京,科学研究机构
10008027,中国科学院理论物理研究所,北京,科学研究机构
10008028,中国科学院力学研究所,北京,科学研究机构
10008029,中国科学院软件研究所,北京,科学研究机构
10008031,中国科学院声学研究所,北京,科学研究机构
10008033,中国科学院数学与系统科学研究院,北京,科学研究机构
10008034,中国科学院微生物研究所,北京,科学研究机构
10008035,中国科学院文献情报中心,北京,科学研究机构
10008036,中国科学院物理研究所,北京,科学研究机构
10008040,中国科学院自动化研究所,北京,科学研究机构
10008047,中国科学院计算机网络信息中心,北京,科学研究机构
10008081,北京控制工程研究所,北京,科学研究机构
10008103,北京市农林科学院,北京,科学研究机构
10008110,中国地质科学院地质力学研究所,北京,科学研究机构
10008111,中国地震局地球物理研究所,北京,科学研究机构
10008119,钢铁研究总院,北京,科学研究机构
10008123,中国农业科学院农业经济与发展研究所,北京,科学研究机构
10008125,中国农业科学院农业资源与农业区划研究所,北京,科学研究机构
10008127,中国农业科学院生物技术研究所,北京,科学研究机构
10008130,中国农业科学院作物科学研究所,北京,科学研究机构
10008131,中国气象科学研究院,北京,科学研究机构
10008139,国家海洋局海洋发展战略研究所,北京,科学研究机构
10008143,中国农业科学院研究生院,北京,科学研究机构
10008144,中国农业科学院蔬菜花卉研究所,北京,科学研究机构
10008146,国家卫生健康委科学技术研究所,北京,科学研究机构
10008147,中国农业科学院饲料研究所,北京,科学研究机构
10008178,中国农业科学院农业信息研究所,北京,科学研究机构
10008193,中国兽医药品监察所,北京,科学研究机构
10008194,国家卫星海洋应用中心,北京,科学研究机构
10008313,中国科学院半导体研究所,北京,科学研究机构
10008319,中国石油天然气股份有限公司勘探开发研究院,北京,科学研究机构
10008329,北京市理化分析测试中心,北京,科学研究机构
10008361,中国石油化工股份有限公司石油勘探开发研究院,北京,科学研究机构
10008502,中国地震局地壳应力研究所,北京,科学研究机构
10008504,中国电力科学研究院有限公司,北京,科学研究机构
10008507,中国科学院生态环境研究中心,北京,科学研究机构
10008610,北京空间飞行器总体设计部,北京,科学研究机构
10008802,有研工程技术研究院有限公司,北京,科学研究机构
10008803,北京应用物理与计算数学研究所,北京,科学研究机构
10008804,中国疾病预防控制中心辐射防护与核安全医学所,北京,科学研究机构
10008806,中国教育科学研究院,北京,科学研究机构
10008828,交通运输部公路科学研究所,北京,科学研究机构
10008903,北京城市气象研究院,北京,科学研究机构
10009101,中国林业科学研究院,北京,科学研究机构
10009104,中国林业科学研究院资源信息研究所,北京,科学研究机构
10009106,中国中医科学院西苑医院,北京,科学研究机构
10009107,中国中医科学院研究生部,北京,科学研究机构
10009301,中国农业科学院蜜蜂研究所,北京,科学研究机构
10009403,中国农业科学院北京畜牧兽医研究所,北京,科学研究机构
10009404,中国农业科学院原子能利用研究所,北京,科学研究机构
10009405,中国农业科学院植物保护研究所,北京,科学研究机构
10010104,中国科学院地理科学与资源研究所,北京,科学研究机构
10010106,中国科学院理化技术研究所,北京,科学研究机构
10010107,中国科学院遥感与数字地球研究所,北京,科学研究机构
10010108,中国科学院遗传与发育生物学研究所,北京,科学研究机构
10010110,中国科学院生物物理研究所,北京,科学研究机构
10070002,中国中医科学院中医基础理论研究所,北京,科学研究机构
10070003,中国中医科学院中医药信息研究所,北京,科学研究机构
10070005,中国中医科学院针灸研究所,北京,科学研究机构
10070006,中国中医科学院中药研究所,北京,科学研究机构
10070010,中国中医科学院,北京,科学研究机构
10071001,中国社会科学院考古研究所,北京,科学研究机构
10072002,中国社会科学院城市发展与环境研究所,北京,科学研究机构
10073003,中国医学科学院,北京,科学研究机构
10073201,中国社会科学院数量经济与技术经济研究所,北京,科学研究机构
10073203,中国社会科学院世界经济与政治研究所,北京,科学研究机构
10073204,中国社会科学院人口与劳动经济研究所,北京,科学研究机构
10082402,国家发展和改革委员会宏观经济研究院,北京,科学研究机构
10083001,中国资源卫星应用中心,北京,科学研究机构
10083601,中国社会科学院经济研究所,北京,科学研究机构
10083602,中国社会科学院工业经济研究所,北京,科学研究机构
10085001,中国人民解放军军事科学院军事医学研究院,北京,科学研究机构
10085412,中国航天科技集团有限公司第一研究院第十二研究所,北京,科学研究机构
10130003,中国科学院北京基因组研究所,北京,科学研究机构
10220505,中国人民解放军军事科学院防化研究院,北京,科学研究机构
10241301,中国原子能科学研究院,北京,科学研究机构
90000009,中国铁道科学研究院集团有限公司,北京,科学研究机构
90000015,中国航天员科研训练中心,北京,科学研究机构
90000021,中国航发北京航空材料研究院,北京,科学研究机构
90000084,中国检验检疫科学研究院,北京,科学研究机构
90000095,中国社会科学院金融研究所,北京,科学研究机构
90000109,中国皮革制鞋研究院有限公司,北京,科学研究机构
90000134,审计署审计科研所,北京,科学研究机构
90000174,中国人民解放军海军装备研究院,北京,科学研究机构
90000194,中国科学院青藏高原研究所,北京,科学研究机构
90000207,国际竹藤中心,北京,科学研究机构
90000248,应急管理部国家减灾中心,北京,科学研究机构
90000250,中国人民解放军火箭军研究院,北京,科学研究机构
90000308,中国民航科学技术研究院,北京,科学研究机构
90000316,中国人民解放军63961部队,北京,科学研究机构
90000333,国家纳米科学中心,北京,科学研究机构
90000356,中国社会科学院财经战略研究院,北京,科学研究机构
90000373,中国农业科学院农业环境与可持续发展研究所,北京,科学研究机构
90000419,北京生命科学研究所,北京,科学研究机构
90000497,中国特种设备检测研究院,北京,科学研究机构
90000504,中国农业科学院农业质量标准与检测技术研究所,北京,科学研究机构
90000508,中国科学院光电研究院,北京,科学研究机构
90000512,北京交通发展研究院,北京,科学研究机构
90000584,生态环境部环境规划院,北京,科学研究机构
90000586,中国食品发酵工业研究院有限公司,北京,科学研究机构
90000592,北京市市政工程研究院,北京,科学研究机构
90000597,北京微电子技术研究所,北京,科学研究机构
90000598,北京探矿工程研究所,北京,科学研究机构
90000602,交通运输部水运科学研究所,北京,科学研究机构
90000604,中国人事科学研究院,北京,科学研究机构
90000756,国家卫生健康委卫生发展研究中心,北京,科学研究机构
90000776,交通运输部科学研究院,北京,科学研究机构
90000777,中国人民解放军军事科学院国防工程研究院,北京,科学研究机构
90000851,煤炭总医院,北京,科学研究机构
90000852,国家发展和改革委员会国土开发与地区经济研究所,北京,科学研究机构
90000945,中国航天系统科学与工程研究院,北京,科学研究机构
90000956,中国中医科学院医学实验中心,北京,科学研究机构
90001004,中国舰船研究院,北京,科学研究机构
99982604,中国中医科学院中医临床基础医学研究所,北京,科学研究机构
99982611,国家康复辅具研究中心,北京,科学研究机构
99982615,中国旅游研究院,北京,科学研究机构
99982638,中国医学科学院基础医学研究所,北京,科学研究机构
99982665,全国科学技术名词审定委员会事务中心,北京,科学研究机构
99982676,冶金工业规划研究院,北京,科学研究机构
99982678,中国信息安全测评中心,北京,科学研究机构
99982680,中国人民解放军空军研究院,北京,科学研究机构
99982688,北京市测绘设计研究院,北京,科学研究机构
99982693,中央军委联合参谋部第五十五研究所,北京,科学研究机构
99982763,北京市科学技术研究院,北京,科学研究机构
99982764,中国航空工业集团公司北京长城计量测试技术研究所,北京,科学研究机构
99982765,中国冶金地质总局矿产资源研究院,北京,科学研究机构
99982783,北京强度环境研究所,北京,科学研究机构
99982790,中国疾病预防控制中心慢性非传染性疾病预防控制中心,北京,科学研究机构
99982815,中国兵器科学研究院,北京,科学研究机构
99982926,北京空间技术研制试验中心,北京,科学研究机构
99982927,中国医学科学院北京协和医院,北京,科学研究机构
99982928,交通运输部规划研究院,北京,科学研究机构
99982931,中国制浆造纸研究院有限公司,北京,科学研究机构
99982955,中国航空研究院,北京,科学研究机构
99982970,航天材料及工艺研究所,北京,科学研究机构
99982988,北京计算科学研究中心,北京,科学研究机构
99982992,北京航天长征飞行器研究所,北京,科学研究机构
99982995,北京麋鹿生态实验中心,北京,科学研究机构
99983024,中国医学科学院药物研究所,北京,科学研究机构
99983025,中国医学科学院药用植物研究所,北京,科学研究机构
99983032,中国林业科学研究院林业研究所,北京,科学研究机构
99983033,北京卫星环境工程研究所,北京,科学研究机构
99983039,中国医学科学院医药生物技术研究所,北京,科学研究机构
99983042,中国林业科学研究院木材工业研究所,北京,科学研究机构
99983044,中国林业科学研究院森林生态环境与保护研究所,北京,科学研究机构
99983046,中国医学科学院病原生物学研究所,北京,科学研究机构
99983064,中国电子科技集团公司第三研究所,北京,科学研究机构
99983074,北京空间机电研究所,北京,科学研究机构
99983120,中国人民解放军61081部队,北京,科学研究机构
99983132,应急管理部信息研究院,北京,科学研究机构
99983152,中国空间技术研究院,北京,科学研究机构
99983176,北京航天控制仪器研究所,北京,科学研究机构
99983178,北京卫星信息工程研究所,北京,科学研究机构
99983190,中国商用飞机有限责任公司北京民用飞机技术研究中心,北京,科学研究机构
99983204,北京低碳清洁能源研究所,北京,科学研究机构
99983207,北京东方计量测试研究所,北京,科学研究机构
99983248,国家卫生健康委医院管理研究所,北京,科学研究机构
99983252,北京市辐射中心,北京,科学研究机构
99983318,国家食品安全风险评估中心,北京,科学研究机构
99983334,北京跟踪与通信技术研究所,北京,科学研究机构
99983343,北京信息科学技术研究院,北京,科学研究机构
99983349,北京宇航系统工程研究所,北京,科学研究机构
99983351,中国医学科学院肿瘤医院,北京,科学研究机构
99983394,北京自动化控制设备研究所,北京,科学研究机构
99983399,中国人民解放军63999部队,北京,科学研究机构
99983418,国际欧亚科学院中国科学中心,北京,科学研究机构
99983421,中国电子科技集团公司第十二研究所,北京,科学研究机构
99983425,北京科学学研究中心,北京,科学研究机构
99983465,中国科学院空间应用工程与技术中心,北京,科学研究机构
99983467,北京航天发射技术研究所,北京,科学研究机构
99983474,中国地质调查局油气资源调查中心,北京,科学研究机构
99983494,中国环境监测总站,北京,科学研究机构
99983499,中国医学科学院医学实验动物研究所,北京,科学研究机构
99983502,自然资源实物地质资料中心,北京,科学研究机构
99983519,北京环境特性研究所,北京,科学研究机构
99983530,北京电子技术应用研究所,北京,科学研究机构
99983533,北京市遥感信息研究所,北京,科学研究机构
99983539,中国航天科工飞航技术研究院,北京,科学研究机构
99983573,禁核试北京国家数据中心,北京,科学研究机构
99983574,中国航天标准化研究所,北京,科学研究机构
99983579,中国社会科学院社会学研究所,北京,科学研究机构
99983580,国家林业和草原局北京林业机械研究所,北京,科学研究机构
99983584,中国运载火箭技术研究院,北京,科学研究机构
99983585,中国科学学与科技政策研究会,北京,科学研究机构
99983614,中国林业科学研究院林业新技术研究所,北京,科学研究机构
99983618,中国林业科学研究院华北林业实验中心,北京,科学研究机构
99983626,中国林业科学研究院林业科技信息研究所,北京,科学研究机构
99983638,北京电子工程总体研究所,北京,科学研究机构
99983649,北京仿真中心,北京,科学研究机构
99983652,北京纳米能源与系统研究所,北京,科学研究机构
99983667,中国兵器工业信息中心,北京,科学研究机构
99983683,中国电子科技集团公司电子科学研究院,北京,科学研究机构
99983688,北京航天计量测试技术研究所,北京,科学研究机构
99983694,生态环境部固体废物与化学品管理技术中心,北京,科学研究机构
99983715,国家认证认可监督管理委员会认证认可技术研究所,北京,科学研究机构
99983736,国家心血管病中心,北京,科学研究机构
99983742,北京精密机电控制设备研究所,北京,科学研究机构
99983745,北京遥测技术研究所,北京,科学研究机构
99983754,北京蛋白质组研究中心,北京,科学研究机构
99983759,中国卫生经济学会,北京,科学研究机构
99983761,国家科技基础条件平台中心,北京,科学研究机构
99983786,中国互联网络信息中心,北京,科学研究机构
99983788,北京市体育科学研究所,北京,科学研究机构
99983792,中国建筑材料工业规划研究院,北京,科学研究机构
99983796,北京市卫生局临床药学研究所,北京,科学研究机构
99983815,公安部道路交通安全研究中心,北京,科学研究机构
99983849,北京市计量检测科学研究院,北京,科学研究机构
99983864,中国兵器装备集团兵器装备研究所,北京,科学研究机构
99983874,中国人民解放军军事科学院军事科学信息研究中心,北京,科学研究机构
99983880,北京市职业病防治研究院,北京,科学研究机构
99983887,北京航天动力研究所,北京,科学研究机构
99983888,中国船舶工业系统工程研究院,北京,科学研究机构
99983889,北京航天情报与信息研究所,北京,科学研究机构
99983898,北京航天试验技术研究所,北京,科学研究机构
99983916,中国电子科技集团公司信息科学研究院,北京,科学研究机构
99983942,中国藏学研究中心,北京,科学研究机构
99983948,机械工业仪器仪表综合技术经济研究所,北京,科学研究机构
99983969,北京食品科学研究院,北京,科学研究机构
99984002,中国经济体制改革研究会,北京,科学研究机构
99984017,北京高压科学研究中心,北京,科学研究机构
99984053,国家发展和改革委员会投资研究所,北京,科学研究机构
99984065,中国人民解放军海军疾病预防控制中心,北京,科学研究机构
99984067,中国工程物理研究院研究生院,北京,科学研究机构
99984068,中国航空综合技术研究所,北京,科学研究机构
99984074,中国工程院战略咨询中心,北京,科学研究机构
99984081,北京市经济与社会发展研究所,北京,科学研究机构
99984100,北京市石景山区高血压联盟研究所,北京,科学研究机构
99984117,中国艺术科技研究所,北京,科学研究机构
99984121,国家应对气候变化战略研究和国际合作中心,北京,科学研究机构
99984167,农业农村部食物与营养发展研究所,北京,科学研究机构
99984189,中国城市科学研究会,北京,科学研究机构
99984224,中国船舶工业综合技术经济研究院,北京,科学研究机构
99984234,中国科协创新战略研究院,北京,科学研究机构
99984245,中国石油化工股份有限公司石油化工科学研究院,北京,科学研究机构
99984246,中国科学院北京综合研究中心,北京,科学研究机构
99984280,中国自然资源经济研究院,北京,科学研究机构
99984286,核工业研究生部,北京,科学研究机构
99984293,中国人民解放军空军气象中心,北京,科学研究机构
99984303,中国社会科学院语言研究所,北京,科学研究机构
99984307,中证金融研究院,北京,科学研究机构
99984308,国家发展和改革委员会能源研究所,北京,科学研究机构
99984322,北京无线电计量测试研究所,北京,科学研究机构
99984335,国家卫生健康委职业安全卫生研究中心,北京,科学研究机构
99984340,北京市公用事业科学研究所,北京,科学研究机构
99984357,中国航空发动机研究院,北京,科学研究机构
99984362,中国人民解放军军事科学院军队政治工作研究院,北京,科学研究机构
99984375,中国劳动保障科学研究院,北京,科学研究机构
99984397,中国人民解放军疾病预防控制中心,北京,科学研究机构
99984420,北京市水文地质工程地质大队,北京,科学研究机构
99984421,国家广播电视总局广播电视科学研究院,北京,科学研究机构
99984425,北京机电工程总体设计部,北京,科学研究机构
99984427,中国健康教育中心,北京,科学研究机构
99984443,核工业北京化工冶金研究院,北京,科学研究机构
99984444,中央军委后勤保障部卫生局药品仪器检验所,北京,科学研究机构
99984446,北京市林业果树科学研究院,北京,科学研究机构
99984447,当代中国研究所,北京,科学研究机构
99984450,中国煤炭地质总局地球物理勘探研究院,北京,科学研究机构
99984472,中国人口与发展研究中心,北京,科学研究机构
99984483,中国人民解放军军事科学院国防科技创新研究院,北京,科学研究机构
99984484,中国人民解放军军事科学院战争研究院,北京,科学研究机构
99984485,中国人民解放军军事科学院评估论证研究中心,北京,科学研究机构
99984486,中国人民解放军军事科学院军事法制研究院,北京,科学研究机构
99984564,中国电子技术标准化研究院,北京,科学研究机构
99984565,北京市城市管理研究院,北京,科学研究机构
99984579,住房和城乡建设部政策研究中心,北京,科学研究机构
99984589,中国煤炭地质总局勘查研究总院,北京,科学研究机构
99984596,民政部一零一研究所,北京,科学研究机构
99984597,中国中医科学院中国医史文献研究所,北京,科学研究机构
99984619,中国国土勘测规划院,北京,科学研究机构
99984668,教育部科技发展中心,北京,科学研究机构
99984684,中国文化遗产研究院,北京,科学研究机构
99984703,中国肉类食品综合研究中心,北京,科学研究机构
99984709,北京华益健康药物研究中心,北京,科学研究机构
99984732,北京脑科学与类脑研究中心,北京,科学研究机构
99984734,北京量子信息科学研究院,北京,科学研究机构
99984740,国家统计局统计科学研究所,北京,科学研究机构
99984744,自然资源部咨询研究中心,北京,科学研究机构
99984747,北京无线电测量研究所,北京,科学研究机构
99984753,北京石墨烯研究院,北京,科学研究机构
99984792,北京市地质研究所,北京,科学研究机构
99984804,北京市结核病胸部肿瘤研究所,北京,科学研究机构
99984813,北京全华环保技术标准研究中心,北京,科学研究机构
99984820,北京协同创新研究院,北京,科学研究机构
99984828,北京机械设备研究所,北京,科学研究机构
99984837,中国航空工业集团公司北京长城航空测控技术研究所,北京,科学研究机构
81000102,中国科学院西北高原生物研究所,青海,科学研究机构
81000109,青海省气象科学研究所,青海,科学研究机构
81000302,青海省畜牧兽医科学院,青海,科学研究机构
81000802,中国科学院青海盐湖研究所,青海,科学研究机构
81001601,青海省农林科学院,青海,科学研究机构
99983141,青海省地质矿产研究所,青海,科学研究机构
99983453,青海省交通科学研究院,青海,科学研究机构
99984256,青海省藏医药研究院,青海,科学研究机构
99984439,青海可再生能源研究所,青海,科学研究机构
25000101,山东省医学科学院,山东,科学研究机构
25000102,山东省医学科学院基础医学研究所,山东,科学研究机构
25001102,山东省地方病防治研究所,山东,科学研究机构
25001303,山东省水利科学研究院,山东,科学研究机构
25001418,山东省林业科学研究院,山东,科学研究机构
25001423,山东省科学院,山东,科学研究机构
25003104,山东非金属材料研究所,山东,科学研究机构
25003150,山东省气象科学研究所,山东,科学研究机构
25010004,山东省农业科学院,山东,科学研究机构
25661801,山东省滨州畜牧兽医研究院,山东,科学研究机构
26250001,中国农业科学院烟草研究所,山东,科学研究机构
26600301,自然资源部第一海洋研究所,山东,科学研究机构
26600303,中国水产科学研究院黄海水产研究所,山东,科学研究机构
26607101,青岛海洋地质研究所,山东,科学研究机构
26607103,中国科学院海洋研究所,山东,科学研究机构
26607121,山东省眼科研究所,山东,科学研究机构
26610001,青岛市农业科学研究院,山东,科学研究机构
26660101,山东省花生研究所,山东,科学研究机构
90000133,山东省中医药研究院,山东,科学研究机构
90000230,中国石油化工股份有限公司青岛安全工程研究院,山东,科学研究机构
90000874,中国科学院青岛生物能源与过程研究所,山东,科学研究机构
90000942,中国科学院烟台海岸带研究所,山东,科学研究机构
99983069,山东省地质科学研究院,山东,科学研究机构
99983099,山东省海洋资源与环境研究院,山东,科学研究机构
99983127,山东省农业机械科学研究院,山东,科学研究机构
99983155,中国人民解放军第八十八医院,山东,科学研究机构
99983196,山东航天电子技术研究所,山东,科学研究机构
99983554,山东省淡水渔业研究院,山东,科学研究机构
99983600,济南市疾病预防控制中心,山东,科学研究机构
99983686,国家深海基地管理中心,山东,科学研究机构
99983687,国家海洋局北海海洋技术保障中心,山东,科学研究机构
99983783,淄博高新技术产业开发区先进陶瓷研究院,山东,科学研究机构
99983865,山东省地质调查院,山东,科学研究机构
99983903,中华全国供销合作总社济南果品研究所,山东,科学研究机构
99983914,西安交通大学青岛研究院,山东,科学研究机构
99983927,青岛市光电工程技术研究院,山东,科学研究机构
99983938,烟台中科网络技术研究所,山东,科学研究机构
99984126,山东省林木种质资源中心,山东,科学研究机构
99984140,山东省烟台市农业科学研究院,山东,科学研究机构
99984142,济南市环境研究院,山东,科学研究机构
99984181,泰安市泰山林业科学研究院,山东,科学研究机构
99984213,青岛海洋生物医药研究院,山东,科学研究机构
99984282,山东省食品药品检验研究院,山东,科学研究机构
99984432,淄博高新技术产业开发区精细化工和高分子材料研究院,山东,科学研究机构
99984438,山东省海洋预报减灾中心,山东,科学研究机构
99984522,青岛华大基因研究院,山东,科学研究机构
99984552,中国科学院声学研究所北海研究站,山东,科学研究机构
99984645,山东省精神卫生中心,山东,科学研究机构
99984649,山东省计量科学研究院,山东,科学研究机构
99984661,济南量子技术研究院,山东,科学研究机构
99984662,中国航空工业集团公司济南特种结构研究所,山东,科学研究机构
99984708,山东省海洋生物研究院,山东,科学研究机构
99984735,泰安市农业科学研究院,山东,科学研究机构
99984736,青岛海洋科学与技术国家实验室发展中心,山东,科学研究机构
99984825,济南市供排水监测中心,山东,科学研究机构
99984831,山东省交通科学研究院,山东,科学研究机构
03000102,中国科学院山西煤炭化学研究所,山西,科学研究机构
03000601,中国辐射防护研究院,山西,科学研究机构
03003101,山西省农业科学院作物科学研究所,山西,科学研究机构
03003109,山西省农业科学院农作物品种资源研究所,山西,科学研究机构
03003114,山西省农业科学院旱地农业研究中心,山西,科学研究机构
03060001,山西省农业科学院高粱研究所,山西,科学研究机构
04100002,山西省农业科学院小麦研究所,山西,科学研究机构
04400001,山西省农业科学院棉花研究所,山西,科学研究机构
90000545,中国电子科技集团公司第二研究所,山西,科学研究机构
90000979,山西省中医药研究院,山西,科学研究机构
99983007,中国兵器工业集团第七O研究所,山西,科学研究机构
99983294,山西省交通科技研发有限公司,山西,科学研究机构
99983826,山西省农业科学院农产品加工研究所,山西,科学研究机构
99983881,北方自动控制技术研究所,山西,科学研究机构
99983982,山西省农业科学院经济作物研究所,山西,科学研究机构
99984009,山西省环境科学研究院,山西,科学研究机构
99984054,山西省农业科学院谷子研究所,山西,科学研究机构
99984056,山西省农业科学院饲料兽药研究所,山西,科学研究机构
99984093,山西省农业科学院农业环境与资源研究所,山西,科学研究机构
99984112,山西省农业科学院玉米研究所,山西,科学研究机构
99984160,山西省农业科学院农产品贮藏保鲜研究所,山西,科学研究机构
99984191,山西省农业科学院植物保护研究所,山西,科学研究机构
99984244,山西省农业科学院现代农业研究中心,山西,科学研究机构
99984281,山西省农业科学院农产品质量安全与检测研究所,山西,科学研究机构
99984287,山西省生态环境研究中心,山西,科学研究机构
99984312,山西省农业科学院高寒区作物研究所,山西,科学研究机构
99984333,清华大学山西清洁能源研究院,山西,科学研究机构
99984451,山西省农业科学院畜牧兽医研究所,山西,科学研究机构
99984547,山西省医药与生命科学研究院,山西,科学研究机构
99984572,山西省农业科学院园艺研究所,山西,科学研究机构
99984575,中国电子科技集团公司第三十三研究所,山西,科学研究机构
99984599,山西省农业科学院蔬菜研究所,山西,科学研究机构
99984605,山西省农业科学院食用菌研究所,山西,科学研究机构
99984630,山西省农业科学院生物技术研究中心,山西,科学研究机构
99984681,山西高等创新研究院,山西,科学研究机构
99984707,山西省农业科学院农业资源与经济研究所,山西,科学研究机构
71000006,陕西省气象科学研究所,陕西,科学研究机构
71000301,陕西省中医药研究院,陕西,科学研究机构
71001401,西北有色金属研究院,陕西,科学研究机构
71002401,西北核技术研究院,陕西,科学研究机构
71002501,中煤科工集团西安研究院有限公司,陕西,科学研究机构
71003209,西安热工研究院有限公司,陕西,科学研究机构
71004301,陕西省微生物研究所,陕西,科学研究机构
71005401,中国地质调查局西安地质调查中心,陕西,科学研究机构
71005402,西安测绘研究所,陕西,科学研究机构
71006101,西安近代化学研究所,陕西,科学研究机构
71006106,中国科学院地球环境研究所,陕西,科学研究机构
71006111,陕西省西安植物园,陕西,科学研究机构
71006128,中国飞机强度研究所,陕西,科学研究机构
71006802,中国科学院西安光学精密机械研究所,陕西,科学研究机构
71008401,陕西省动物研究所,陕西,科学研究机构
71060004,陕西省生物农业研究所,陕西,科学研究机构
71060006,中国科学院国家授时中心,陕西,科学研究机构
71210012,中国科学院水利部水土保持研究所,陕西,科学研究机构
90000094,中国石油天然气集团公司管材研究所,陕西,科学研究机构
90000121,中国航天科技集团公司第四研究院,陕西,科学研究机构
90000272,西安组织工程工程技术研究中心,陕西,科学研究机构
90000405,陕西省眼科研究所,陕西,科学研究机构
90000739,中国西安卫星测控中心,陕西,科学研究机构
99982622,西安航天动力研究所,陕西,科学研究机构
99982734,西安空间无线电技术研究所,陕西,科学研究机构
99983448,西北化工研究院有限公司,陕西,科学研究机构
99983609,陕西省农村科技开发中心,陕西,科学研究机构
99983631,中国船舶重工集团公司第七O五研究所,陕西,科学研究机构
99983637,西安航天动力试验技术研究所,陕西,科学研究机构
99983639,西安机电信息技术研究所,陕西,科学研究机构
99983673,陕西省治沙研究所,陕西,科学研究机构
99983790,陕西省考古研究院,陕西,科学研究机构
99983813,西安现代控制技术研究所,陕西,科学研究机构
99983856,西北机电工程研究所,陕西,科学研究机构
99983901,西安应用光学研究所,陕西,科学研究机构
99983909,西安微电子技术研究所,陕西,科学研究机构
99983929,中国飞行试验研究院,陕西,科学研究机构
99983950,西安航天精密机电研究所,陕西,科学研究机构
99983979,陕西省社会科学院,陕西,科学研究机构
99984025,中国兵器工业第二一三研究所,陕西,科学研究机构
99984195,陕西省河流工程技术研究中心,陕西,科学研究机构
99984228,陕西省文物保护研究院,陕西,科学研究机构
99984265,陕西省杂交油菜研究中心,陕西,科学研究机构
99984363,中国航空工业集团公司西安航空计算技术研究所,陕西,科学研究机构
99984419,陕西电器研究所,陕西,科学研究机构
99984538,核工业二0三研究所,陕西,科学研究机构
99984546,西安航天复合材料研究所,陕西,科学研究机构
99984654,西安组织工程与再生医学研究所,陕西,科学研究机构
99984770,中国航空工业集团公司西安飞机设计研究所,陕西,科学研究机构
99984821,中国电子科技集团公司第二十研究所,陕西,科学研究机构
20002002,上海社会科学院,上海,科学研究机构
20002504,中国疾病预防控制中心寄生虫病预防控制所,上海,科学研究机构
20003006,中国科学院上海天文台,上海,科学研究机构
20003009,中国气象局上海台风研究所,上海,科学研究机构
20003109,中国科学院上海药物研究所,上海,科学研究机构
20003119,中国科学院上海生命科学研究院,上海,科学研究机构
20003201,上海市计划生育科学研究所,上海,科学研究机构
20003203,上海市中医药研究院,上海,科学研究机构
20003204,上海市肿瘤研究所,上海,科学研究机构
20003207,中国科学院上海有机化学研究所,上海,科学研究机构
20003209,中国科学院声学研究所东海研究站,上海,科学研究机构
20003212,司法鉴定科学研究院,上海,科学研究机构
20004001,上海医药工业研究院,上海,科学研究机构
20005001,中国科学院上海硅酸盐研究所,上海,科学研究机构
20005002,中国科学院上海微系统与信息技术研究所,上海,科学研究机构
20008302,中国科学院上海技术物理研究所,上海,科学研究机构
20009003,中国水产科学研究院东海水产研究所,上海,科学研究机构
20009204,上海防灾救灾研究所,上海,科学研究机构
20012901,中国极地研究中心,上海,科学研究机构
20023202,中国农业科学院上海兽医研究所,上海,科学研究机构
20023203,上海市园林科学规划研究院,上海,科学研究机构
20110607,上海市农业科学院,上海,科学研究机构
20120301,上海人类基因组研究中心,上海,科学研究机构
20180004,中国科学院上海光学精密机械研究所,上海,科学研究机构
20180005,中国科学院上海应用物理研究所,上海,科学研究机构
90000066,上海市农业生物基因中心,上海,科学研究机构
90000130,国家新药筛选中心,上海,科学研究机构
90000182,中国工程物理研究院上海激光等离子体研究所,上海,科学研究机构
90000259,上海南方模式生物研究中心,上海,科学研究机构
90000339,上海市卫生和健康发展研究中心（上海市医学科学技术情报研究所）,上海,科学研究机构
90000628,上海市环境科学研究院,上海,科学研究机构
90000629,上海空间电源研究所,上海,科学研究机构
90000633,上海市针灸经络研究中心,上海,科学研究机构
90000789,上海河口海岸科学研究中心,上海,科学研究机构
90000790,上海市脑血管病防治研究所,上海,科学研究机构
90000865,上海市特种设备监督检验技术研究院,上海,科学研究机构
90000868,上海中药标准化研究中心,上海,科学研究机构
90000960,上海航天控制技术研究所,上海,科学研究机构
99982606,上海机电工程研究所,上海,科学研究机构
99982806,上海市计量测试技术研究院,上海,科学研究机构
99982948,中国水产科学研究院渔业机械仪器研究所,上海,科学研究机构
99982962,公安部第三研究所,上海,科学研究机构
99982993,上海体育科学研究所,上海,科学研究机构
99983067,上海无线通信研究中心,上海,科学研究机构
99983073,上海无线电设备研究所,上海,科学研究机构
99983076,上海宇航系统工程研究所,上海,科学研究机构
99983087,上海辰山植物园,上海,科学研究机构
99983126,中国科学院上海高等研究院,上海,科学研究机构
99983144,上海市水产研究所,上海,科学研究机构
99983273,上海卫星工程研究所,上海,科学研究机构
99983282,上海国际问题研究院,上海,科学研究机构
99983316,上海微波技术研究所（中国电子科技集团公司第五十研究所）,上海,科学研究机构
99983325,中国科学院上海巴斯德研究所,上海,科学研究机构
99983371,上海航天精密机械研究所,上海,科学研究机构
99983415,上海市浦东卫生发展研究院,上海,科学研究机构
99983439,上海卫星装备研究所,上海,科学研究机构
99983458,上海微小卫星工程中心,上海,科学研究机构
99983513,上海计算机软件技术开发中心,上海,科学研究机构
99983559,上海市刑事科学技术研究院,上海,科学研究机构
99983602,上海精密计量测试研究所,上海,科学研究机构
99983612,国家上海新药安全评价研究中心,上海,科学研究机构
99983617,中国航空无线电电子研究所,上海,科学研究机构
99983636,中国船舶重工集团公司第七二六研究所,上海,科学研究机构
99983763,上海数据分析与处理技术研究所,上海,科学研究机构
99983829,上海航天电子通讯设备研究所,上海,科学研究机构
99983905,中国船舶工业集团公司第七O八研究所,上海,科学研究机构
99983981,上海市妇幼保健中心,上海,科学研究机构
99983986,上海宽带技术及应用工程研究中心,上海,科学研究机构
99984006,上海市中医文献馆,上海,科学研究机构
99984042,上海市地质调查研究院,上海,科学研究机构
99984058,中国商用飞机有限责任公司上海飞机设计研究院,上海,科学研究机构
99984105,应急管理部上海消防研究所,上海,科学研究机构
99984119,上海材料研究所,上海,科学研究机构
99984326,上海市科学学研究所,上海,科学研究机构
99984391,中国电子科技集团公司第二十三研究所,上海,科学研究机构
99984404,上海实验动物研究中心,上海,科学研究机构
99984542,上海市交通港航发展研究中心,上海,科学研究机构
99984553,上海新型烟草制品研究院,上海,科学研究机构
99984643,中国船舶重工集团公司第七一一研究所,上海,科学研究机构
99984659,上海市城市规划设计研究院,上海,科学研究机构
99984716,上海脑科学与类脑研究中心,上海,科学研究机构
61000001,中国核动力研究设计院,四川,科学研究机构
61000301,中国工程物理研究院流体物理研究所,四川,科学研究机构
61000302,中国工程物理研究院核物理与化学研究所,四川,科学研究机构
61000303,中国工程物理研究院,四川,科学研究机构
61000305,中国工程物理研究院总体工程研究所,四川,科学研究机构
61000309,中国工程物理研究院电子工程研究所,四川,科学研究机构
61001507,中国科学院、水利部成都山地灾害与环境研究所,四川,科学研究机构
61001508,中国科学院成都生物研究所,四川,科学研究机构
61003102,四川省中医药科学院,四川,科学研究机构
61004001,四川省肿瘤研究所,四川,科学研究机构
61004105,四川省自然资源科学研究院,四川,科学研究机构
61004109,农业部沼气科学研究所,四川,科学研究机构
61006601,四川省农业科学院,四川,科学研究机构
61006604,四川省农业科学院作物研究所,四川,科学研究机构
61007101,中国气象局成都高原气象研究所,四川,科学研究机构
61008101,四川省林业科学研究院,四川,科学研究机构
61008110,成都大熊猫繁育研究基地,四川,科学研究机构
61008230,中国地质调查局成都地质调查中心,四川,科学研究机构
61020901,中国科学院光电技术研究所,四川,科学研究机构
61400701,核工业西南物理研究院,四川,科学研究机构
61420001,中国地质科学院矿产综合利用研究所,四川,科学研究机构
62100002,中国空气动力研究与发展中心,四川,科学研究机构
62190001,中国工程物理研究院激光聚变研究中心,四川,科学研究机构
62190003,中国工程物理研究院机械制造工艺研究所,四川,科学研究机构
90000040,四川省畜牧科学研究院,四川,科学研究机构
90000265,中国民用航空总局第二研究所,四川,科学研究机构
90000342,中国工程物理研究院化工材料研究所,四川,科学研究机构
90000928,中国工程物理研究院计算机应用研究所,四川,科学研究机构
99982628,四川省草原科学研究院,四川,科学研究机构
99982728,中国工程物理研究院应用电子学研究所,四川,科学研究机构
99983077,中国电子科技集团公司第三十研究所,四川,科学研究机构
99983137,中国电子科技集团公司第二十九研究所,四川,科学研究机构
99983472,中国地质科学院探矿工艺研究所,四川,科学研究机构
99983476,四川省生态环境科学研究院,四川,科学研究机构
99983517,中国医学科学院输血研究所,四川,科学研究机构
99983560,中物院成都科学技术发展中心,四川,科学研究机构
99983895,甘孜藏族自治州农业科学研究所,四川,科学研究机构
99983904,南充市农业科学院,四川,科学研究机构
99983984,四川省新材料研究中心,四川,科学研究机构
99984103,四川省农业科学院生物技术核技术研究所,四川,科学研究机构
99984110,中国科学院成都文献情报中心,四川,科学研究机构
99984168,四川省农业科学院土壤肥料研究所,四川,科学研究机构
99984212,四川省骨科医院,四川,科学研究机构
99984272,应急管理部四川消防研究所,四川,科学研究机构
99984337,浙江大学自贡创新中心,四川,科学研究机构
99984342,四川省农业科学院遥感应用研究所,四川,科学研究机构
99984426,四川省社会科学院,四川,科学研究机构
99984430,四川省农业科学院农业信息与农村经济研究所,四川,科学研究机构
99984529,清华四川能源互联网研究院,四川,科学研究机构
99984580,四川省中医药科学院中医研究所,四川,科学研究机构
99984706,四川省内江市农业科学院,四川,科学研究机构
99984743,中国电子科技集团公司第十研究所,四川,科学研究机构
99984748,四川省地质矿产勘查开发局成都综合岩矿测试中心,四川,科学研究机构
99984759,成都市环境保护科学研究院,四川,科学研究机构
99984793,四川省农业科学院植物保护研究所,四川,科学研究机构
99984815,中国航发四川燃气涡轮研究院,四川,科学研究机构
99984817,绵阳市农业科学研究院,四川,科学研究机构
99984823,甘孜藏族自治州林业科学研究所,四川,科学研究机构
99984827,中国农业科学院都市农业研究所,四川,科学研究机构
99984829,达州市农业科学研究院,四川,科学研究机构
99984844,中国电子科技集团公司第九研究所,四川,科学研究机构
99984845,四川省农业科学院经济作物育种栽培研究所,四川,科学研究机构
30000002,天津市水产研究所,天津,科学研究机构
30007001,天津市医药科学研究所,天津,科学研究机构
30007408,天津市气象科学研究所,天津,科学研究机构
30017001,中国地质调查局天津地质调查中心,天津,科学研究机构
30017101,国家海洋信息中心,天津,科学研究机构
30018002,中国地震局第一监测中心,天津,科学研究机构
30019101,农业农村部环境保护科研监测所,天津,科学研究机构
30019205,自然资源部天津海水淡化与综合利用研究所,天津,科学研究机构
30020101,天津市地震局,天津,科学研究机构
30038102,天津市农业科学院,天津,科学研究机构
90000369,天津药物研究院有限公司,天津,科学研究机构
90000450,交通运输部天津水运工程科学研究所,天津,科学研究机构
99982632,天津市环境保护科学研究院,天津,科学研究机构
99982757,中国科学院天津工业生物技术研究所,天津,科学研究机构
99982784,应急管理部天津消防研究所,天津,科学研究机构
99982964,中国电子科技集团公司第十八研究所,天津,科学研究机构
99982967,天津津航技术物理研究所,天津,科学研究机构
99983065,中国电子科技集团公司第四十六研究所,天津,科学研究机构
99983106,天津国际生物医药联合研究院,天津,科学研究机构
99983145,天津市产品质量监督检测技术研究院,天津,科学研究机构
99983250,天津航天机电设备研究所,天津,科学研究机构
99983490,天津渤海水产研究所,天津,科学研究机构
99983625,中国人民解放军92859部队,天津,科学研究机构
99983691,天津市计量监督检测科学研究院,天津,科学研究机构
99983818,国家粳稻工程技术研究中心,天津,科学研究机构
99983915,天津市水利科学研究院,天津,科学研究机构
99983993,清华大学天津高端装备研究院,天津,科学研究机构
99984296,天津市科学学研究所,天津,科学研究机构
99984409,浙江大学滨海产业技术研究院,天津,科学研究机构
99984517,天津市食品安全检测技术研究院,天津,科学研究机构
99984544,中国船舶重工集团公司第七O七研究所,天津,科学研究机构
99984653,国家超级计算天津中心,天津,科学研究机构
85000130,西藏高原大气环境科学研究所,西藏,科学研究机构
85000201,西藏自治区农牧科学院,西藏,科学研究机构
90000752,西藏自治区科技信息研究所,西藏,科学研究机构
99984723,西藏自治区高原生物研究所,西藏,科学研究机构
83000002,新疆农业科学院,新疆,科学研究机构
83000102,新疆维吾尔自治区维吾尔医药研究所,新疆,科学研究机构
83000202,中国气象局乌鲁木齐沙漠气象研究所,新疆,科学研究机构
83000204,新疆维吾尔自治区药物研究所,新疆,科学研究机构
83000205,新疆维吾尔自治区中药民族药研究所,新疆,科学研究机构
83001103,中国科学院新疆生态与地理研究所,新疆,科学研究机构
83001106,中国科学院新疆理化技术研究所,新疆,科学研究机构
83001108,中国科学院新疆天文台,新疆,科学研究机构
83200004,新疆农垦科学院,新疆,科学研究机构
90000004,新疆维吾尔自治区水产科学研究所,新疆,科学研究机构
90000221,新疆畜牧科学院,新疆,科学研究机构
90000748,新疆水利水电科学研究院,新疆,科学研究机构
99983131,新疆维吾尔自治区产品质量监督检验研究院,新疆,科学研究机构
99983168,新疆维吾尔自治区发展和改革委员会经济研究院,新疆,科学研究机构
99983298,新疆维吾尔自治区环境保护科学研究院,新疆,科学研究机构
99983377,新疆维吾尔自治区矿产实验研究所,新疆,科学研究机构
99983672,新疆生产建设兵团环境保护科学研究所,新疆,科学研究机构
99984222,新疆生产建设兵团第六师农业科学研究所,新疆,科学研究机构
99984291,新疆林业科学院,新疆,科学研究机构
99984418,和田地区维吾尔医药研究所,新疆,科学研究机构
65001105,中国科学院云南天文台,云南,科学研究机构
65003110,昆明冶金研究院,云南,科学研究机构
65003402,云南省气象科学研究所,云南,科学研究机构
65003403,云南省环境科学研究院（中国昆明高原湖泊国际研究中心）,云南,科学研究机构
65020401,中国科学院昆明植物研究所,云南,科学研究机构
65020403,云南省林业和草原科学院,云南,科学研究机构
65020501,云南省农业科学院,云南,科学研究机构
65021603,中国林业科学研究院资源昆虫研究所,云南,科学研究机构
65022101,昆明贵金属研究所,云南,科学研究机构
65022305,中国科学院昆明动物研究所,云南,科学研究机构
65022308,云南省中医中药研究院,云南,科学研究机构
65022402,云南省畜牧兽医科学院,云南,科学研究机构
66630301,中国科学院西双版纳热带植物园,云南,科学研究机构
90000030,昆明物理研究所,云南,科学研究机构
90000037,云南烟草科学研究院,云南,科学研究机构
90000459,云南省烟草农业科学研究院,云南,科学研究机构
90000736,中国人民解放军西部战区疾病预防控制中心,云南,科学研究机构
90000959,云南省热带作物科学研究所,云南,科学研究机构
99983187,中国医学科学院医学生物学研究所,云南,科学研究机构
99983303,云南中科灵长类生物医学重点实验室,云南,科学研究机构
99983723,云南省德宏热带农业科学研究所,云南,科学研究机构
99983885,云南省测绘资料档案馆（云南省基础地理信息中心）,云南,科学研究机构
99983953,昆明市环境科学研究院,云南,科学研究机构
99983976,西双版纳生物医学研究院,云南,科学研究机构
99984044,云南省人工影响天气中心,云南,科学研究机构
99984216,云南省水利水电勘测设计研究院,云南,科学研究机构
99984424,昆明市园林科学研究所,云南,科学研究机构
99984433,云南省渔业科学研究院,云南,科学研究机构
99984535,中华全国供销合作总社昆明食用菌研究所,云南,科学研究机构
99984719,云南省供销合作社科学研究所,云南,科学研究机构
99984763,云南省粮油科学研究院（云南省粮油产品质量监督检验测试中心）,云南,科学研究机构
99984775,普洱茶研究院,云南,科学研究机构
35000110,福州海关技术中心,福建,科学研究机构
35000203,中国科学院福建物质结构研究所,福建,科学研究机构
35000306,福建省中医药研究院,福建,科学研究机构
35000701,福建省微生物研究所,福建,科学研究机构
35001302,福建省农业科学院,福建,科学研究机构
36100501,自然资源部第三海洋研究所,福建,科学研究机构
36100901,福建省亚热带植物研究所,福建,科学研究机构
36101202,福建海洋研究所,福建,科学研究机构
90000890,中国科学院城市环境研究所,福建,科学研究机构
99983238,福建省林业科学研究院,福建,科学研究机构
99983464,自然资源部海岛研究中心,福建,科学研究机构
99983613,三明市农业科学研究院,福建,科学研究机构
99984186,福建省热带作物科学研究所,福建,科学研究机构
99984202,福建省气象科学研究所,福建,科学研究机构
99984209,厦门市医药研究所,福建,科学研究机构
99984241,莆田市水产科学研究所,福建,科学研究机构
99984347,福建省医学科学研究院,福建,科学研究机构
99984355,福建省水产研究所,福建,科学研究机构
99984395,清华海峡研究院（厦门）,福建,科学研究机构
99984539,福建社会科学院,福建,科学研究机构
99984540,福建梅花山华南虎繁育研究所,福建,科学研究机构
99984686,福建省老年医院,福建,科学研究机构
31000402,浙江省淡水水产研究所,浙江,科学研究机构
31000602,中国水稻研究所,浙江,科学研究机构
31000701,浙江省地质矿产研究所,浙江,科学研究机构
31000704,浙江省中医药研究院,浙江,科学研究机构
31000801,中国农业科学院茶叶研究所,浙江,科学研究机构
31000805,浙江省气象科学研究所,浙江,科学研究机构
31001201,自然资源部第二海洋研究所,浙江,科学研究机构
31001302,浙江省医学科学院,浙江,科学研究机构
31001602,浙江省水利河口研究院,浙江,科学研究机构
31002102,浙江省农业科学院,浙江,科学研究机构
31002305,浙江省林业科学研究院,浙江,科学研究机构
31140001,中国林业科学研究院亚热带林业研究所,浙江,科学研究机构
90000229,中国船舶重工集团公司第七一五研究所,浙江,科学研究机构
90000397,浙江清华长三角研究院,浙江,科学研究机构
90000676,中国科学院宁波材料技术与工程研究所,浙江,科学研究机构
90000796,宁波市农业科学研究院,浙江,科学研究机构
99983015,中国兵器科学研究院宁波分院,浙江,科学研究机构
99983136,浙江省计量科学研究院,浙江,科学研究机构
99983173,中华全国供销合作总社杭州茶叶研究所,浙江,科学研究机构
99983455,杭州植物园,浙江,科学研究机构
99983471,杭州国际城市学研究中心,浙江,科学研究机构
99983524,丽水市农业科学研究院,浙江,科学研究机构
99983604,杭州市特种设备检测研究院,浙江,科学研究机构
99983623,国家林业和草原局竹子研究开发中心,浙江,科学研究机构
99983758,金华市农业科学研究院,浙江,科学研究机构
99983808,水利部产品质量标准研究所,浙江,科学研究机构
99983896,香港大学浙江科学技术研究院,浙江,科学研究机构
99983924,浙江体育科学研究所,浙江,科学研究机构
99983940,浙江省医疗器械不良事件监测和安全研究中心,浙江,科学研究机构
99984001,温州市农业科学研究院,浙江,科学研究机构
99984077,宁波检验检疫科学技术研究院,浙江,科学研究机构
99984127,浙江西湖高等研究院,浙江,科学研究机构
99984165,浙江省海洋水产养殖研究所,浙江,科学研究机构
99984373,浙江省测绘科学技术研究院,浙江,科学研究机构
99984511,浙江省食品药品检验研究院,浙江,科学研究机构
99984583,浙江清华柔性电子技术研究院,浙江,科学研究机构
99984618,之江实验室,浙江,科学研究机构
99984715,浙江省环境保护科学设计研究院,浙江,科学研究机构
99984738,中国科学院大学温州研究院(温州生物材料与工程研究所),浙江,科学研究机构
99984794,温州大学激光与光电智能制造研究院,浙江,科学研究机构
99984826,浙江省海洋水产研究所,浙江,科学研究机构
40003701,中煤科工集团重庆研究院有限公司,重庆,科学研究机构
40006703,招商局重庆交通科研设计院有限公司,重庆,科学研究机构
63003901,中国兵器工业第五九研究所,重庆,科学研究机构
63071201,中国农业科学院柑桔研究所,重庆,科学研究机构
64840801,重庆市药物种植研究所,重庆,科学研究机构
90000203,重庆市中医院,重庆,科学研究机构
90000895,重庆市畜牧科学院,重庆,科学研究机构
99982642,重庆市农业科学院,重庆,科学研究机构
99982761,重庆市人口和计划生育科学技术研究院,重庆,科学研究机构
99982844,重庆地质矿产研究院,重庆,科学研究机构
99982875,重庆市生态环境科学研究院,重庆,科学研究机构
99983057,中国电子科技集团公司第二十四研究所,重庆,科学研究机构
99983114,中国科学院重庆绿色智能技术研究院,重庆,科学研究机构
99983148,重庆市科学技术研究院,重庆,科学研究机构
99983259,中国电子科技集团公司第四十四研究所,重庆,科学研究机构
99983832,重庆市风景园林科学研究院,重庆,科学研究机构
99984109,重庆市智库发展研究会,重庆,科学研究机构
99984143,重庆市交通规划研究院,重庆,科学研究机构
99984190,重庆市气象科学研究所,重庆,科学研究机构
99984644,重庆市特种设备检测研究院,重庆,科学研究机构
99984660,重庆市涪陵页岩气环保研发与技术服务中心,重庆,科学研究机构
99984689,重庆市中药研究院,重庆,科学研究机构
99984835,重庆市计量质量检测研究院,重庆,科学研究机构
73000002,甘肃省科学院生物研究所,甘肃,科学研究机构
73000007,中国科学院地质与地球物理研究所兰州油气资源研究中心,甘肃,科学研究机构
73000009,中国科学院兰州化学物理研究所,甘肃,科学研究机构
73000010,中国科学院近代物理研究所,甘肃,科学研究机构
73000013,中国科学院兰州文献情报中心,甘肃,科学研究机构
73000015,甘肃省科学院,甘肃,科学研究机构
73000016,中国地震局兰州地震研究所,甘肃,科学研究机构
73000040,中国科学院寒区旱区环境与工程研究所,甘肃,科学研究机构
73002006,中国气象局兰州干旱气象研究所,甘肃,科学研究机构
73003006,甘肃省水利科学研究院,甘肃,科学研究机构
73004603,中国农业科学院兰州兽医研究所,甘肃,科学研究机构
73005003,中国农业科学院兰州畜牧与兽药研究所,甘肃,科学研究机构
73005010,甘肃省医学科学研究院,甘肃,科学研究机构
73007002,甘肃省农业科学院,甘肃,科学研究机构
73300001,甘肃省治沙研究所,甘肃,科学研究机构
73620001,敦煌研究院,甘肃,科学研究机构
90000740,兰州空间技术物理研究所,甘肃,科学研究机构
90000988,甘肃省中医药研究院,甘肃,科学研究机构
99982771,甘肃省林业科学研究院,甘肃,科学研究机构
99982864,张掖市林业科学研究院,甘肃,科学研究机构
99982887,甘肃省农业工程技术研究院,甘肃,科学研究机构
99982936,甘肃省祁连山水源涵养林研究院,甘肃,科学研究机构
99983804,兰州市园林科学研究所,甘肃,科学研究机构
99983946,甘肃省动物营养研究所,甘肃,科学研究机构
99983975,甘肃煤田地质研究所,甘肃,科学研究机构
99983990,甘肃土木工程科学研究院,甘肃,科学研究机构
99983995,陇南市经济林研究院花椒研究所,甘肃,科学研究机构
99983996,陇南市农业科学研究所,甘肃,科学研究机构
99984000,张掖市畜牧兽医研究所,甘肃,科学研究机构
99984004,国家林业局甘肃濒危动物保护中心,甘肃,科学研究机构
99984007,武威市农业科学研究院,甘肃,科学研究机构
99984013,定西市农业科学研究院,甘肃,科学研究机构
99984021,甘肃省国土资源规划研究院,甘肃,科学研究机构
99984075,甘肃省武威肿瘤医院,甘肃,科学研究机构
99984078,甘肃药业信息研究所,甘肃,科学研究机构
99984104,黑河水资源与生态保护研究中心,甘肃,科学研究机构
99984249,平凉市农业科学院,甘肃,科学研究机构
99984383,甘肃祁连山国家级自然保护区管理局,甘肃,科学研究机构
99984455,甘肃省水土保持科学研究所,甘肃,科学研究机构
99984595,甘肃省水产研究所,甘肃,科学研究机构
99984670,武威市林业科学研究院,甘肃,科学研究机构
31000713,深圳华大生命科学研究院,广东,科学研究机构
51007002,广东省微生物研究所,广东,科学研究机构
51007003,广州地理研究所,广东,科学研究机构
51007006,中国科学院广州能源研究所,广东,科学研究机构
51007009,广东省智能制造研究所,广东,科学研究机构
51007011,中国广州分析测试中心,广东,科学研究机构
51008002,广东省心血管病研究所,广东,科学研究机构
51008005,中国气象局广州热带海洋气象研究所,广东,科学研究机构
51026001,广东省生物资源应用研究所,广东,科学研究机构
51026003,广东省实验动物监测所,广东,科学研究机构
51030002,中国水产科学研究院南海水产研究所,广东,科学研究机构
51030051,广东省职业病防治院,广东,科学研究机构
51030101,中国科学院南海海洋研究所,广东,科学研究机构
51038001,中国水产科学研究院珠江水产研究所,广东,科学研究机构
51052001,中国林业科学研究院热带林业研究所,广东,科学研究机构
51061001,工业和信息化部电子第五研究所,广东,科学研究机构
51064001,广东省农业科学院,广东,科学研究机构
51064004,中国科学院广州地球化学研究所,广东,科学研究机构
51065003,广东省生态环境技术研究所,广东,科学研究机构
51065502,生态环境部华南环境科学研究所,广东,科学研究机构
90000274,广东省生物工程研究所（广州甘蔗糖业研究所）,广东,科学研究机构
90000314,中国科学院华南植物园,广东,科学研究机构
90000715,南方电网科学研究院有限责任公司,广东,科学研究机构
90000716,中国科学院广州生物医药与健康研究院,广东,科学研究机构
90000805,广东省林业科学研究院,广东,科学研究机构
90000839,珠江水利委员会珠江水利科学研究院,广东,科学研究机构
90000842,广州有色金属研究院,广东,科学研究机构
90000919,中国科学院深圳先进技术研究院,广东,科学研究机构
99982624,广州市香港科大霍英东研究院,广东,科学研究机构
99982712,香港城市大学深圳研究院,广东,科学研究机构
99982961,香港中文大学深圳研究院,广东,科学研究机构
99983090,香港理工大学深圳研究院,广东,科学研究机构
99983117,香港大学深圳研究院,广东,科学研究机构
99983118,香港科技大学深圳研究院,广东,科学研究机构
99983211,广东省环境科学研究院,广东,科学研究机构
99983283,广东省水利水电科学研究院,广东,科学研究机构
99983416,香港浸会大学深圳研究院,广东,科学研究机构
99983473,广州中国科学院先进技术研究所,广东,科学研究机构
99983527,珠海澳大科技研究院,广东,科学研究机构
99983577,广东省农业科学院水稻研究所,广东,科学研究机构
99983578,广东省农业科学院果树研究所,广东,科学研究机构
99983581,国家林业和草原局桉树研究开发中心,广东,科学研究机构
99983633,中国热带农业科学院湛江实验站,广东,科学研究机构
99983634,中国热带农业科学院南亚热带作物研究所,广东,科学研究机构
99983643,中国热带农业科学院农产品加工研究所,广东,科学研究机构
99983644,中国热带农业科学院农业机械研究所,广东,科学研究机构
99983646,广东省技术经济研究发展中心,广东,科学研究机构
99983653,中国农业科学院农业基因组研究所,广东,科学研究机构
99983675,广东省农业科学院环境园艺研究所,广东,科学研究机构
99983678,广东省农业科学院农业生物基因研究中心,广东,科学研究机构
99983679,广东省农业科学院茶叶研究所,广东,科学研究机构
99983685,广东省农业科学院蚕业与农产品加工研究所,广东,科学研究机构
99983689,深圳市耳鼻咽喉研究所,广东,科学研究机构
99983695,广东省农业科学院植物保护研究所,广东,科学研究机构
99983702,广东省农业科学院动物卫生研究所,广东,科学研究机构
99983703,广州中国科学院软件应用技术研究所,广东,科学研究机构
99983704,广东省农业科学院农业经济与农村发展研究所,广东,科学研究机构
99983706,广东省农业科学院蔬菜研究所,广东,科学研究机构
99983707,广东省农业科学院农业资源与环境研究所,广东,科学研究机构
99983708,广东省农业科学院农产品公共监测中心,广东,科学研究机构
99983709,深圳航天科技创新研究院,广东,科学研究机构
99983710,广东省农业科学院动物科学研究所,广东,科学研究机构
99983711,广东省农业科学院作物研究所,广东,科学研究机构
99983735,北京大学东莞光电研究院,广东,科学研究机构
99983740,深圳市兰科植物保护研究中心,广东,科学研究机构
99983749,广州市环境保护科学研究院,广东,科学研究机构
99983765,深圳市老年医学研究所,广东,科学研究机构
99983787,深圳无线电检测技术研究院,广东,科学研究机构
99983794,广东省海洋渔业试验中心,广东,科学研究机构
99983798,深圳市标准技术研究院,广东,科学研究机构
99983801,深圳市智能机器人研究院,广东,科学研究机构
99983805,东莞同济大学研究院,广东,科学研究机构
99983810,武汉大学深圳研究院,广东,科学研究机构
99983812,广东科学中心,广东,科学研究机构
99983816,深圳清华大学研究院,广东,科学研究机构
99983843,核工业二九0研究所,广东,科学研究机构
99983897,广州中国科学院沈阳自动化研究所分所,广东,科学研究机构
99983917,广州市林业和园林科学研究院,广东,科学研究机构
99983921,中国热带农业科学院广州实验站,广东,科学研究机构
99983934,广州市社会科学院,广东,科学研究机构
99983939,广州特种承压设备检测研究院,广东,科学研究机构
99983943,北京大学深圳研究院,广东,科学研究机构
99983954,深圳市免疫基因治疗研究院,广东,科学研究机构
99983955,散裂中子源科学中心,广东,科学研究机构
99983964,东莞中国科学院云计算产业技术创新与育成中心,广东,科学研究机构
99984032,山东大学深圳研究院,广东,科学研究机构
99984036,东莞深圳清华大学研究院创新中心,广东,科学研究机构
99984037,北京理工大学深圳研究院,广东,科学研究机构
99984041,广东省工业分析检测中心,广东,科学研究机构
99984049,广东省资源综合利用研究所,广东,科学研究机构
99984055,珠海澳科大科技研究院,广东,科学研究机构
99984076,广东省半导体产业技术研究院,广东,科学研究机构
99984083,中国人民解放军南部战区疾病预防控制中心,广东,科学研究机构
99984084,电子科技大学广东电子信息工程研究院,广东,科学研究机构
99984133,广东省材料与加工研究所,广东,科学研究机构
99984153,广东省科技图书馆(广东省科技信息与发展战略研究所),广东,科学研究机构
99984183,广东省计量科学研究院,广东,科学研究机构
99984193,广东省计划生育科学技术研究所,广东,科学研究机构
99984197,广州市光机电技术研究院,广东,科学研究机构
99984211,华南生物医药研究院,广东,科学研究机构
99984237,广东省人口发展研究院,广东,科学研究机构
99984248,深圳市检验检疫科学研究院,广东,科学研究机构
99984254,广东省新材料研究所,广东,科学研究机构
99984263,深圳市环境科学研究院,广东,科学研究机构
99984275,东莞植物园,广东,科学研究机构
99984277,广东产品质量监督检验研究院,广东,科学研究机构
99984311,广东省稀有金属研究所,广东,科学研究机构
99984315,广东省信息安全测评中心,广东,科学研究机构
99984338,广州中国科学院工业技术研究院,广东,科学研究机构
99984345,广东省焊接技术研究所（广东省中乌研究院）,广东,科学研究机构
99984351,深圳市国华光电研究院,广东,科学研究机构
99984353,华南协同创新研究院,广东,科学研究机构
99984365,深圳市作物分子设计育种研究院,广东,科学研究机构
99984381,广州智慧城市发展研究院,广东,科学研究机构
99984405,深圳光启高等理工研究院,广东,科学研究机构
99984437,广东华中科技大学工业技术研究院,广东,科学研究机构
99984441,广东省石油与精细化工研究院,广东,科学研究机构
99984445,广东省生物制品与药物研究所,广东,科学研究机构
99984448,深圳市神经科学研究院,广东,科学研究机构
99984456,广东省生态气象中心,广东,科学研究机构
99984474,广东省科学技术情报研究所,广东,科学研究机构
99984506,东莞材料基因高等理工研究院,广东,科学研究机构
99984563,鹏城实验室,广东,科学研究机构
99984652,北京科技大学顺德研究生院,广东,科学研究机构
99984679,季华实验室,广东,科学研究机构
99984714,深圳市第三人民医院,广东,科学研究机构
99984761,西北工业大学深圳研究院,广东,科学研究机构
99984780,深圳中山生殖与遗传研究所,广东,科学研究机构
99984781,深圳市大数据研究院,广东,科学研究机构
99984810,松山湖材料实验室,广东,科学研究机构
99984812,清华珠三角研究院,广东,科学研究机构
99984816,深圳防灾减灾技术研究院,广东,科学研究机构
99984818,深圳市计量质量检测研究院,广东,科学研究机构
99984822,深圳湾实验室,广东,科学研究机构
53000102,广西国际壮医医院,广西,科学研究机构
53000104,广西壮族自治区兽医研究所,广西,科学研究机构
53000105,广西壮族自治区亚热带作物研究所,广西,科学研究机构
53000109,广西壮族自治区水牛研究所,广西,科学研究机构
53000114,广西壮族自治区林业科学研究院,广西,科学研究机构
53000301,广西科学院,广西,科学研究机构
53000702,广西壮族自治区农业科学院,广西,科学研究机构
53002102,广西壮族自治区气象科学研究所,广西,科学研究机构
53002203,广西壮族自治区中医药研究院,广西,科学研究机构
53002305,广西壮族自治区药用植物园,广西,科学研究机构
53002702,广西壮族自治区肿瘤防治研究所,广西,科学研究机构
53600002,广西红树林研究中心,广西,科学研究机构
54100401,中国地质科学院岩溶地质研究所,广西,科学研究机构
54100601,广西壮族自治区中国科学院广西植物研究所,广西,科学研究机构
90000538,广西壮族自治区水产科学研究院,广西,科学研究机构
99983156,广西壮族自治区海洋环境监测中心站,广西,科学研究机构
99983374,广西壮族自治区水利科学研究院,广西,科学研究机构
99983650,广西壮族自治区蚕业科学研究院,广西,科学研究机构
99983911,广西木论国家级自然保护区管理局,广西,科学研究机构
99983994,广西壮族自治区海洋研究院,广西,科学研究机构
99984047,中国林业科学研究院热带林业实验中心,广西,科学研究机构
99984226,广西南亚热带农业科学研究所,广西,科学研究机构
99984411,广西壮族自治区特种设备检验研究院,广西,科学研究机构
99984569,广西壮族自治区环境保护科学研究院,广西,科学研究机构
99984702,自然资源部第四海洋研究所,广西,科学研究机构
99984842,广西特色作物研究院,广西,科学研究机构
55000102,贵州科学院,贵州,科学研究机构
55000202,贵州省环境科学研究设计院,贵州,科学研究机构
55000206,中国科学院地球化学研究所,贵州,科学研究机构
55000602,贵州省农业科学院,贵州,科学研究机构
55000603,贵州省植物保护研究所,贵州,科学研究机构
55001101,贵州省林业科学研究院,贵州,科学研究机构
99982664,贵州省材料产业技术研究院,贵州,科学研究机构
99982881,贵州省山地环境气候研究所,贵州,科学研究机构
99983121,贵州省烟草科学研究院,贵州,科学研究机构
99983809,贵州省体育科学研究所,贵州,科学研究机构
99983890,贵州黔西南喀斯特区域发展研究院,贵州,科学研究机构
99983956,黔东南苗族侗族自治州林业科学研究所,贵州,科学研究机构
99984029,黔东南苗族侗族自治州民族医药研究院,贵州,科学研究机构
99984292,毕节市农业科学研究所,贵州,科学研究机构
99984593,贵州省山地农业机械研究所,贵州,科学研究机构
57110001,海南省农业科学院,海南,科学研究机构
57173701,中国热带农业科学院,海南,科学研究机构
90000199,海南省气象科学研究所,海南,科学研究机构
99983487,中国科学院深海科学与工程研究所,海南,科学研究机构
99983621,中国热带农业科学院分析测试中心,海南,科学研究机构
99983624,中国热带农业科学院科技信息研究所,海南,科学研究机构
99983627,中国热带农业科学院热带作物品种资源研究所,海南,科学研究机构
99983628,中国热带农业科学院环境与植物保护研究所,海南,科学研究机构
99983629,中国热带农业科学院热带生物技术研究所,海南,科学研究机构
99983632,中国热带农业科学院椰子研究所,海南,科学研究机构
99983641,中国热带农业科学院海口实验站,海南,科学研究机构
99983642,中国热带农业科学院香料饮料研究所,海南,科学研究机构
99983645,中国热带农业科学院橡胶研究所,海南,科学研究机构
99983750,海南省农垦科学院,海南,科学研究机构
99983961,中国（海南）改革发展研究院智库研究中心,海南,科学研究机构
99984318,海南出入境检验检疫局热带植物隔离检疫中心,海南,科学研究机构
99984505,海南省海洋与渔业科学院,海南,科学研究机构
99984510,三亚中科遥感研究所,海南,科学研究机构
99984782,三亚热带水产研究院,海南,科学研究机构
05002101,中国科学院遗传与发育生物学研究所农业资源研究中心,河北,科学研究机构
05003102,河北省农林科学院,河北,科学研究机构
05003103,河北省农林科学院谷子研究所,河北,科学研究机构
05003104,河北省农林科学院粮油作物研究所,河北,科学研究机构
05005105,河北省农林科学院遗传生理研究所,河北,科学研究机构
05005118,中国电子科技集团公司第十三研究所,河北,科学研究机构
05080301,中国地质科学院水文地质环境地质研究所,河北,科学研究机构
06660002,河北省农林科学院昌黎果树研究所,河北,科学研究机构
07100004,河北省农林科学院植物保护研究所,河北,科学研究机构
90000083,河北省科学院地理科学研究所,河北,科学研究机构
90000152,中国地质科学院地球物理地球化学勘查研究所,河北,科学研究机构
90000162,中国地质调查局水文地质环境地质调查中心,河北,科学研究机构
90000173,河北省科学院生物研究所,河北,科学研究机构
99982677,河北省中西医结合医药研究院,河北,科学研究机构
99983185,河北省食品检验研究院,河北,科学研究机构
99983445,中国地质科学院勘探技术研究所,河北,科学研究机构
99983523,石家庄市农林科学研究院,河北,科学研究机构
99983541,中国电子科技集团公司第五十四研究所,河北,科学研究机构
99983850,河北省沙河玻璃技术研究院,河北,科学研究机构
99984028,河北省农林科学院农业资源环境研究所,河北,科学研究机构
99984184,河北省气象科学研究所,河北,科学研究机构
99984251,河北省计划生育科学技术研究院,河北,科学研究机构
99984314,河北省农林科学院旱作农业研究所,河北,科学研究机构
99984364,河北省农林科学院石家庄果树研究所,河北,科学研究机构
99984414,沧州市农林科学院,河北,科学研究机构
99984549,中国船舶重工集团公司第七一八研究所,河北,科学研究机构
99984574,河北省畜牧兽医研究所,河北,科学研究机构
99984655,核工业航测遥感中心,河北,科学研究机构
99984717,河北省环境科学研究院,河北,科学研究机构
21000290,中国人民解放军东部战区总医院,江苏,其他
21001413,江苏省地震局,江苏,其他
22600602,江苏省疾病预防控制中心,江苏,其他
90000478,江苏省气象台,江苏,其他
90000968,江苏省有色金属华东地质勘查局,江苏,其他
99983175,南京市产品质量监督检验院,江苏,其他
99983382,中国卫星海上测控部,江苏,其他
99983655,连云港市第二人民医院,江苏,其他
99983789,淮安市疾病预防控制中心,江苏,其他
99983876,常州市疾病预防控制中心,江苏,其他
99983878,泰州市疾病预防控制中心,江苏,其他
99983932,中国人民解放军第八二医院,江苏,其他
99983970,江苏省信息中心,江苏,其他
99984097,南京市高淳区速诚基础与交叉科学研究中心,江苏,其他
99984229,南京市锅炉压力容器检验研究院,江苏,其他
99984412,江苏省血液中心,江苏,其他
99984466,苏州市广济医院,江苏,其他
99984524,苏州市中西医结合医院,江苏,其他
99984526,南京市食品药品监督检验院,江苏,其他
99984638,南京博物院,江苏,其他
99984751,浙江大学昆山创新中心,江苏,其他
99984811,江苏省地质矿产勘查局,江苏,其他
33000001,江西省人民医院,江西,其他
33000613,江西省妇幼保健院,江西,其他
90000472,江西省肿瘤医院,江西,其他
90000885,江西省儿童医院,江西,其他
99983108,南昌市疾病预防控制中心,江西,其他
99983206,南昌市第三医院,江西,其他
99983443,江西省药品检验检测研究院,江西,其他
99983594,上饶市人民医院,江西,其他
99983692,九江市妇幼保健院,江西,其他
99983768,江西省血液中心,江西,其他
99983875,江西武夷山国家级自然保护区管理局,江西,其他
99983908,九江市第一人民医院,江西,其他
99984252,江西省胸科医院,江西,其他
99984309,中共江西省委党校,江西,其他
99984313,南昌市食品药品检验所,江西,其他
99984366,南昌市第九医院,江西,其他
99984408,江西省疾病预防控制中心,江西,其他
99984457,上海市东方医院吉安医院,江西,其他
99984462,江西省食品检验检测研究院,江西,其他
99984543,江西医学高等专科学校第一附属医院,江西,其他
99984650,江西省大气探测技术中心,江西,其他
99984731,江西省基础地理信息中心,江西,其他
99984800,江西省地震局,江西,其他
11001509,中国人民解放军北部战区总医院,辽宁,其他
11002150,沈阳化工研究院有限公司,辽宁,其他
11002201,沈阳铸造研究所有限公司,辽宁,其他
11003105,国家林业和草原局森林和草原病虫害防治总站,辽宁,其他
90000011,中国人民解放军联勤保障部队第九六七医院,辽宁,其他
99982937,大连市中心医院,辽宁,其他
99983116,大连市疾病预防控制中心,辽宁,其他
99983434,中国大连高级经理学院,辽宁,其他
99983682,公安部警犬技术学校,辽宁,其他
99983871,辽宁省医疗器械检验检测院,辽宁,其他
99984040,沈阳检验检疫科学研究院,辽宁,其他
99984176,沈阳中心血站,辽宁,其他
99984194,大连市第三人民医院,辽宁,其他
99984361,沈阳市第七人民医院,辽宁,其他
99984390,沈阳市第四人民医院,辽宁,其他
99984519,辽宁省地震局,辽宁,其他
99984525,沈阳市第一人民医院,辽宁,其他
01001701,内蒙古自治区人民医院,内蒙古,其他
90000107,奈曼旗扶贫开发办公室,内蒙古,其他
90000507,内蒙古自治区综合疾病预防控制中心,内蒙古,其他
99983821,内蒙古自治区草原勘察规划院,内蒙古,其他
99983837,呼伦贝尔市气象局,内蒙古,其他
99983907,阿拉善盟蒙医医院（阿拉善盟蒙医药研究所）,内蒙古,其他
99983919,内蒙古自治区气象台,内蒙古,其他
99983957,内蒙古自治区赤峰市气象局,内蒙古,其他
99983958,包头市疾病预防控制中心,内蒙古,其他
99983971,内蒙古自治区气候中心,内蒙古,其他
99983989,内蒙古自治区石油化工监督检验研究院,内蒙古,其他
99984012,内蒙古自治区气象信息中心,内蒙古,其他
99984072,呼和浩特市第一医院,内蒙古,其他
99984101,内蒙古自治区地质调查院,内蒙古,其他
99984175,包头市第八医院,内蒙古,其他
99984178,内蒙古自治区妇幼保健院,内蒙古,其他
99984360,兴安盟人民医院,内蒙古,其他
99984497,赤峰市医院,内蒙古,其他
99984556,中国人民解放军联勤保障部队第九六九医院,内蒙古,其他
99984588,核工业二O八大队,内蒙古,其他
99984623,内蒙古自治区中医医院,内蒙古,其他
99984718,内蒙古自治区精神卫生中心,内蒙古,其他
99984765,呼和浩特市蒙医中医医院,内蒙古,其他
75300001,西北稀有金属材料研究院宁夏有限公司,宁夏,其他
99983587,宁夏回族自治区疾病预防控制中心,宁夏,其他
99983599,中国共产党宁夏回族自治区委员会党校,宁夏,其他
99983607,宁夏回族自治区宁安医院,宁夏,其他
99984164,宁夏回族自治区矿产地质调查院,宁夏,其他
99984621,宁夏回族自治区遥感测绘勘查院（宁夏回族自治区遥感中心）,宁夏,其他
99984640,宁夏回族自治区地球物理地球化学勘查院,宁夏,其他
99984690,宁夏回族自治区核工业地质勘查院,宁夏,其他
99984796,宁夏回族自治区地震局,宁夏,其他
99984807,宁夏回族自治区有色金属地质勘查院,宁夏,其他
10001206,北京市射线应用研究中心,北京,其他
10001506,中国中医科学院望京医院,北京,其他
10002840,总装备部工程设计研究总院,北京,其他
10002907,中日友好医院,北京,其他
10002927,化学工业出版社,北京,其他
10003107,国家计算机网络与信息安全管理中心,北京,其他
10003501,北京积水潭医院,北京,其他
10003518,自然资源部国土整治中心,北京,其他
10003917,中国地震应急搜救中心,北京,其他
10003925,北京市中西医结合医院,北京,其他
10004402,北京动物园,北京,其他
10004424,国家基础地理信息中心,北京,其他
10004504,国家信息中心,北京,其他
10004515,北京市城市规划设计研究院,北京,其他
10005004,北京自然博物馆,北京,其他
10005006,中国食品药品检定研究院,北京,其他
10007604,北京市气象局,北京,其他
10008061,中国力学学会,北京,其他
10008070,北京市地震局,北京,其他
10008105,中国气象局气象干部培训学院,北京,其他
10008106,国家海洋环境预报中心,北京,其他
10008114,国家卫星气象中心,北京,其他
10008159,国家气象中心,北京,其他
10008308,中国自然资源航空物探遥感中心,北京,其他
10008317,中国农业机械化科学研究院,北京,其他
10008525,中德科学基金研究交流中心,北京,其他
10008825,中国人民解放军第二炮兵总医院,北京,其他
10010122,中国人民解放军第306医院,北京,其他
10070702,中国科技出版传媒股份有限公司,北京,其他
10071401,国家林业局经济发展研究中心,北京,其他
10071402,国家林业局调查规划设计院,北京,其他
10073006,北京医院,北京,其他
10085301,中国人民解放军总医院,北京,其他
10220601,中国疾病预防控制中心传染病预防控制所,北京,其他
90000029,中国地质环境监测院,北京,其他
90000042,中国电子学会,北京,其他
90000122,机械科学研究总院集团有限公司,北京,其他
90000128,中海油研究总院有限责任公司,北京,其他
90000317,农业农村部规划设计研究院,北京,其他
90000395,国家气候中心,北京,其他
90000417,中冶建筑研究总院有限公司,北京,其他
90000467,国家气象信息中心,北京,其他
90000519,中国气象局气象探测中心,北京,其他
90000540,中国地震台网中心,北京,其他
90000567,中机生产力促进中心,北京,其他
90000593,科技部科技评估中心,北京,其他
90000781,电信科学技术研究院有限公司,北京,其他
90000783,北京回龙观医院,北京,其他
90000820,中国地震局发展研究中心,北京,其他
99982630,国家体育总局反兴奋剂中心,北京,其他
99982647,中国科学院办公厅,北京,其他
99982750,国际应用系统分析学会(IIASA),北京,其他
99982807,故宫博物院,北京,其他
99982855,民航总医院,北京,其他
99982866,北京航天飞行控制中心,北京,其他
99982922,水利部发展研究中心,北京,其他
99982958,中国气象局公共气象服务中心,北京,其他
99983029,生态环境部卫星环境应用中心,北京,其他
99983035,北京临近空间飞行器系统工程研究所,北京,其他
99983075,航空总医院,北京,其他
99983109,自然资源部国土卫星遥感应用中心,北京,其他
99983113,中国动物疫病预防控制中心,北京,其他
99983208,中国医学科学院阜外医院,北京,其他
99983228,中国医学科学院整形外科医院,北京,其他
99983268,自然资源部海洋减灾中心,北京,其他
99983279,中国通信学会,北京,其他
99983296,国家卫生计生委统计信息中心,北京,其他
99983406,生态环境部核与辐射安全中心,北京,其他
99983422,教育部学位与研究生教育发展中心,北京,其他
99983436,审计署计算机技术中心,北京,其他
99983460,中国材料研究学会,北京,其他
99983483,国家测绘产品质量检验测试中心,北京,其他
99983504,生态环境部环境工程评估中心,北京,其他
99983509,农业部农药检定所,北京,其他
99983522,北京市疾病预防控制中心,北京,其他
99983528,中国交通通信信息中心,北京,其他
99983558,中国疾病预防控制中心妇幼保健中心,北京,其他
99983601,生态环境部环境与经济政策研究中心,北京,其他
99983681,木材节约发展中心,北京,其他
99983729,环境保护部环境保护对外合作中心,北京,其他
99983752,北京小汤山医院,北京,其他
99983756,北京市平谷区医院,北京,其他
99983760,中国指挥与控制学会,北京,其他
99983772,中国-东盟环境保护合作中心,北京,其他
99983778,全军后勤信息中心,北京,其他
99983793,有色金属矿产地质调查中心,北京,其他
99983847,北京市医疗器械检验所,北京,其他
99983852,中化地质矿山总局化工地质调查总院,北京,其他
99983863,国家无线电监测中心检测中心,北京,其他
99983868,首都博物馆,北京,其他
99983869,自然资源部珠宝玉石首饰管理中心（国家珠宝玉石质量监督检验中心）,北京,其他
99983872,农业农村部农业生态与资源保护总站,北京,其他
99983906,水利部水土保持监测中心,北京,其他
99983935,北京市环境保护监测中心,北京,其他
99983978,北京市顺义区中医医院,北京,其他
99983991,北京教育考试院,北京,其他
99984030,中国地质调查局发展研究中心,北京,其他
99984039,北京老年医院,北京,其他
99984057,国家电网公司北京电力医院,北京,其他
99984107,国家体育总局体育信息中心,北京,其他
99984128,全国市长研修学院,北京,其他
99984132,北京市应对气候变化研究中心,北京,其他
99984155,中国煤炭地质总局,北京,其他
99984173,北京市海淀区妇幼保健院,北京,其他
99984205,北京市红十字血液中心,北京,其他
99984247,住房和城乡建设部城乡规划管理中心,北京,其他
99984288,北京市和平里医院,北京,其他
99984317,国网能源研究院有限公司,北京,其他
99984331,中国听力语言康复研究中心,北京,其他
99984332,水利部水利水电规划设计总院,北京,其他
99984334,北京出入境检验检疫局检验检疫技术中心,北京,其他
99984358,国土资源部信息中心,北京,其他
99984372,国家无线电监测中心,北京,其他
99984398,中国人民解放军第三O五医院,北京,其他
99984402,北京市人工影响天气办公室,北京,其他
99984410,电力规划设计总院,北京,其他
99984460,北京市植物园,北京,其他
99984464,中国地质图书馆,北京,其他
99984467,科学技术部科技经费监管服务中心,北京,其他
99984482,中国共产党中央委员会党校,北京,其他
99984500,北京市药品检验所,北京,其他
99984560,北京市特种设备检测中心,北京,其他
99984566,北京市海淀医院,北京,其他
99984578,水利部南水北调规划设计管理局,北京,其他
99984617,中国地震灾害防御中心,北京,其他
99984624,北京市食品安全监控和风险评估中心（北京市食品检验所）,北京,其他
99984636,中国民用航空局民用航空医学中心,北京,其他
99984647,中国人民解放军32021部队,北京,其他
99984691,北京市顺义区妇幼保健院,北京,其他
99984730,国家发展和改革委员会创新驱动发展中心,北京,其他
99984840,科学技术部科技人才交流开发服务中心,北京,其他
99984846,水利部信息中心,北京,其他
81160220,青海省地方病预防控制所,青海,其他
90000813,青海省人民医院,青海,其他
99982609,青海省心脑血管病专科医院,青海,其他
99983004,青海红十字医院,青海,其他
99983785,青海省人工影响天气办公室,青海,其他
99984087,青海省气象台,青海,其他
99984284,青海省藏医院,青海,其他
99984442,青海出入境检验检疫局检验检疫综合技术中心,青海,其他
99984494,青海省气候中心,青海,其他
99984498,青海省第五人民医院,青海,其他
99984602,西宁市蔬菜研究所,青海,其他
99984608,青海省地震局,青海,其他
99984611,青海省基础地理信息中心,青海,其他
99984615,青海湖裸鲤救护中心,青海,其他
99984697,青海省水文水资源勘测局,青海,其他
99984745,青海省中医院,青海,其他
99984824,青海省环境地质勘查局,青海,其他
25003101,中国人民解放军联勤保障部队第九六O医院,山东,其他
26600101,钢铁研究总院青岛海洋腐蚀研究所有限公司,山东,其他
90000768,山东省气象台,山东,其他
90000961,青岛市市立医院,山东,其他
99982643,国家海洋局北海环境监测中心,山东,其他
99982842,中国人民解放军海军第九七一医院,山东,其他
99982892,山东省济南生态环境监测中心,山东,其他
99982982,国家海洋局青岛海洋预报台,山东,其他
99983226,山东省疾病预防控制中心,山东,其他
99983563,山东省煤田地质规划勘察研究院,山东,其他
99983648,中国人民解放军济南军区72465部队,山东,其他
99983658,山东省建设发展研究院,山东,其他
99983677,中国人民解放军济南军区青岛第一疗养院,山东,其他
99983697,黄河河口海岸科学研究所,山东,其他
99983717,东营市海洋经济发展研究院,山东,其他
99983734,青岛市计量技术研究院,山东,其他
99983795,山东省物化探勘查院,山东,其他
99983817,烟台市中医医院,山东,其他
99983855,泰安市中医医院,山东,其他
99983882,山东省地质矿产勘查开发局八0一水文地质工程地质大队,山东,其他
99983899,枣庄市妇幼保健院,山东,其他
99983902,临沂市中心医院,山东,其他
99983926,中国人民解放军沈阳联勤保障中心药品仪器监督检验站,山东,其他
99983974,山东省地质矿产勘查开发局第八地质大队,山东,其他
99984079,山东省地震局,山东,其他
99984131,淄博万杰肿瘤医院,山东,其他
99984215,山东省地质矿产勘查开发局第一地质大队,山东,其他
99984236,国家海洋局烟台海洋环境监测中心站,山东,其他
99984283,山东省血液中心,山东,其他
99984319,山东省胸科医院,山东,其他
99984369,德州市人民医院,山东,其他
99984389,烟台市烟台山医院,山东,其他
99984440,山东行政学院,山东,其他
99984490,滨州市人民医院,山东,其他
99984534,山东省文登整骨医院,山东,其他
99984648,中国动物卫生与流行病学中心,山东,其他
99984651,临沂市妇女儿童医院,山东,其他
99984663,日照市中医医院,山东,其他
03000921,太原市中心医院,山西,其他
90000233,山西省气象台,山西,其他
99983548,山西省地震局,山西,其他
99983583,中国人民解放军264医院,山西,其他
99984218,山西省运城市糖尿病防治中心,山西,其他
99984232,山西省地质矿产研究院,山西,其他
99984328,山西省运城市中心医院,山西,其他
99984683,山西省煤炭地质物探测绘院,山西,其他
99984710,大同市第五人民医院,山西,其他
71005414,中国地震局第二监测中心,陕西,其他
71006803,陕西省地震局,陕西,其他
90000812,自然资源部大地测量数据处理中心,陕西,其他
99982780,西安市疾病预防控制中心,陕西,其他
99983177,西安市精神卫生中心,陕西,其他
99983442,中国人民解放军63870部队,陕西,其他
99983676,西北妇女儿童医院,陕西,其他
99984230,汉中市中心医院,陕西,其他
99984349,榆林市第一医院,陕西,其他
99984367,陕西省地质调查院,陕西,其他
99984388,榆林市星元医院,陕西,其他
99984394,陕西省核工业二一五医院,陕西,其他
99984841,陕西省疾病预防控制中心,陕西,其他
20000302,上海市血液中心,上海,其他
20003002,上海市精神卫生中心,上海,其他
20003016,上海市气象局,上海,其他
20003110,上海市徐汇区中心医院,上海,其他
20012007,上海证券交易所,上海,其他
20033601,上海市疾病预防控制中心,上海,其他
90000105,中国石油化工股份有限公司上海石油化工研究院,上海,其他
90000239,上海市第八人民医院,上海,其他
90000305,上海生物信息技术研究中心,上海,其他
90000475,上海海关动植物与食品检验检疫技术中心,上海,其他
90000822,上海建工（集团）总公司,上海,其他
90000866,上海科技馆,上海,其他
99982663,上海植物园,上海,其他
99983200,上海市静安区闸北中心医院,上海,其他
99983229,上海市纳米科技与产业发展促进中心,上海,其他
99983284,上海市徐汇区大华医院,上海,其他
99983417,上海博物馆,上海,其他
99983526,上海市食品药品检验所,上海,其他
99983588,太湖流域管理局水利发展研究中心,上海,其他
99983616,上海市城乡建设和交通发展研究院,上海,其他
99983635,中国人民解放军第八五医院,上海,其他
99983668,国家海洋局东海预报中心,上海,其他
99984023,中共上海市委党校,上海,其他
99984033,上海市临床检验中心,上海,其他
99984048,中国福利会信息与研究中心,上海,其他
99984088,中国浦东干部学院,上海,其他
99984098,上海市浦东新区人民医院,上海,其他
99984279,上海中药创新研究中心,上海,其他
99984814,上海市浦东新区公利医院,上海,其他
61000102,中国建筑西南设计研究院有限公司,四川,其他
61001501,四川省地震局,四川,其他
61001504,中科院成都信息技术股份有限公司,四川,其他
61001509,中国科学院成都有机化学有限公司,四川,其他
61008301,中国人民解放军西部战区总医院,四川,其他
90000730,成都市第二人民医院,四川,其他
99982912,四川省中西医结合医院,四川,其他
99983097,成都市血液中心,四川,其他
99983598,国家测绘地理信息局四川基础地理信息中心,四川,其他
99983660,四川出入境检验检疫局检验检疫技术中心,四川,其他
99983725,德阳市人民医院,四川,其他
99983738,宜宾市第一人民医院,四川,其他
99983833,中国人民解放军空军都江堰航空医学鉴定训练中心,四川,其他
99983853,中国工程物理研究院材料研究所,四川,其他
99983949,自然资源部第三地理信息制图院,四川,其他
99983960,绵阳市中心医院,四川,其他
99983965,四川绵阳四0四医院,四川,其他
99984125,成都市第四人民医院,四川,其他
99984136,四川省食品药品检验检测院,四川,其他
99984203,四川省疾病预防控制中心,四川,其他
99984298,中国共产党四川省委员会党校,四川,其他
99984348,成都市疾病预防控制中心,四川,其他
99984400,成都市锦江区妇幼保健院,四川,其他
99984423,达州市人民医院（达州市中心医院）,四川,其他
99984499,成都市食品药品检验研究院,四川,其他
99984507,成都市公共卫生临床医疗中心,四川,其他
99984550,凉山彝族自治州第二人民医院,四川,其他
99984562,绵阳市第三人民医院,四川,其他
99984571,四川省地质调查院,四川,其他
99984632,甘孜藏族自治州藏医院,四川,其他
99984726,遂宁市中心医院,四川,其他
99984741,西藏自治区人民政府驻成都办事处医院,四川,其他
30001101,天津市疾病预防控制中心,天津,其他
30002103,天津市中医药研究院附属医院,天津,其他
30007405,天津市儿童医院,天津,其他
30010021,天津市中西医结合急腹症研究所,天津,其他
30011101,国家海洋技术中心,天津,其他
30021103,天津市天津医院,天津,其他
90000665,天津市气象台,天津,其他
99982620,天津市海河医院,天津,其他
99982819,天津市第五中心医院,天津,其他
99983130,天津地热勘查开发设计院,天津,其他
99983149,天津市妇女儿童保健中心,天津,其他
99983615,天津市人工影响天气办公室,天津,其他
99983744,天津市宝坻区人民医院,天津,其他
99983814,中国人民解放军联勤保障部队第九八三医院,天津,其他
99983848,天津市气候中心,天津,其他
99983959,天津市市政工程设计研究院,天津,其他
99984170,天津市西青医院,天津,其他
99984231,天津市公用事业设计研究所,天津,其他
99984271,天津出入境检验检疫局工业产品安全技术中心,天津,其他
99984555,中国医学科学院血液病医院(中国医学科学院血液学研究所),天津,其他
99984680,中国人民武装警察部队特色医学中心,天津,其他
99984724,天津市环境气象中心,天津,其他
99984789,天津市公安医院,天津,其他
85000003,西藏自治区人民医院,西藏,其他
99984050,西藏自治区食品药品检验研究院,西藏,其他
99984206,中国人民解放军第一一五医院,西藏,其他
99984294,西藏自治区气候中心,西藏,其他
99984435,日喀则市人民医院,西藏,其他
99984516,中国人民解放军西藏军区总医院,西藏,其他
99984669,林芝市人民医院,西藏,其他
83000013,中国人民解放军新疆军区总医院,新疆,其他
83000109,新疆维吾尔自治区人民医院,新疆,其他
83000201,新疆维吾尔自治区疾病预防控制中心,新疆,其他
83000212,新疆维吾尔自治区气候中心,新疆,其他
83001113,新疆维吾尔自治区地震局,新疆,其他
99983162,新疆维吾尔自治区第六人民医院,新疆,其他
99983255,克拉玛依市中心医院,新疆,其他
99983327,伊犁哈萨克自治州中医医院,新疆,其他
99983438,和田地区人民医院,新疆,其他
99983595,阿拉山口出入境检验检疫局综合技术服务中心,新疆,其他
99983663,新疆维吾尔自治区气象台,新疆,其他
99983665,新疆维吾尔自治区气象信息中心,新疆,其他
99983700,新疆维吾尔自治区喀什地区第二人民医院,新疆,其他
99983724,新疆维吾尔自治区胸科医院,新疆,其他
99983781,乌鲁木齐市第一人民医院,新疆,其他
99983825,乌鲁木齐市眼耳鼻喉专科医院,新疆,其他
99983925,新疆维吾尔自治区环境监测总站,新疆,其他
99983937,乌鲁木齐市疾病预防控制中心,新疆,其他
99984027,喀什地区第一人民医院,新疆,其他
99984124,中国人民解放军新疆军区药品仪器检验所,新疆,其他
99984172,乌鲁木齐市妇幼保健院,新疆,其他
99984182,新疆维吾尔自治区人工影响天气办公室,新疆,其他
99984305,新疆维吾尔自治区地质矿产勘查开发局第三地质大队,新疆,其他
99984350,新疆维吾尔自治区特种设备检验研究院,新疆,其他
99984463,新疆生产建设兵团第七师医院,新疆,其他
99984600,乌鲁木齐市口腔医院,新疆,其他
99984701,乌鲁木齐市中医医院,新疆,其他
99984832,新疆阿克苏地区第一人民医院,新疆,其他
65002103,云南省第一人民医院,云南,其他
65003406,云南省气候中心,云南,其他
65003470,云南省气象台,云南,其他
65004103,云南省地震局,云南,其他
66500030,云南省寄生虫病防治所,云南,其他
67100001,云南省地方病防治所,云南,其他
90000016,中国人民解放军联勤保障部队第九二O医院,云南,其他
90000210,云南省中医医院,云南,其他
90000735,云南省第三人民医院,云南,其他
90000811,云南省疾病预防控制中心,云南,其他
90000994,云南省第二人民医院,云南,其他
99983764,云南华大基因研究院,云南,其他
99983811,云南省核工业二0九地质大队,云南,其他
99983977,西双版纳傣族自治州人民医院,云南,其他
99984059,大理白族自治州人民医院,云南,其他
99984217,临沧市人民医院,云南,其他
99984266,昆明船舶设备研究试验中心,云南,其他
99984330,西双版纳傣族自治州民族医药研究所,云南,其他
99984487,云南省地质调查局,云南,其他
99984712,公安部昆明警犬基地,云南,其他
99984728,昆明市妇幼保健院,云南,其他
35000104,福建省立医院,福建,其他
35000109,福建省气象台,福建,其他
35000206,中国人民解放军联勤保障部队第九OO医院,福建,其他
35000301,福建省地震局,福建,其他
90000889,福建省肿瘤医院,福建,其他
99983561,福建省地质工程勘察院,福建,其他
99983566,福建省气候中心,福建,其他
99983696,厦门市疾病预防控制中心,福建,其他
99983827,厦门市气象局,福建,其他
99984031,福建国际旅行卫生保健中心,福建,其他
99984138,福建省福州儿童医院,福建,其他
99984144,福建省土地开发整理中心,福建,其他
99984219,厦门市儿童医院,福建,其他
99984240,厦门市仙岳医院,福建,其他
99984290,泉州出入境检验检疫局综合技术服务中心,福建,其他
99984742,福建省疾病预防控制中心,福建,其他
31000703,浙江自然博物馆,浙江,其他
31000904,浙江省疾病预防控制中心,浙江,其他
31001212,浙江行政学院,浙江,其他
31001301,浙江医院,浙江,其他
31002201,浙江省肿瘤医院,浙江,其他
90000455,浙江省血液中心,浙江,其他
90000670,杭州市疾病预防控制中心,浙江,其他
99982655,宁波市医疗中心李惠利医院,浙江,其他
99982983,中国电建集团华东勘测设计研究院有限公司,浙江,其他
99983212,中国人民解放军联勤保障部队第九O三医院,浙江,其他
99983770,浙江省经济信息中心,浙江,其他
99983802,中国丝绸博物馆,浙江,其他
99983842,杭州市肿瘤医院,浙江,其他
99983873,浙江省气候中心,浙江,其他
99983985,台州市疾病预防控制中心,浙江,其他
99984062,绍兴市妇幼保健院,浙江,其他
99984174,浙江省辐射环境监测站,浙江,其他
99984336,湖州市中心医院,浙江,其他
99984558,宁波市气象局,浙江,其他
99984577,浙江萧山医院,浙江,其他
99984582,舟山市疾病预防控制中心,浙江,其他
99984616,中国科学院大学宁波华美医院,浙江,其他
99984625,宁波市疾病预防控制中心,浙江,其他
99984637,浙江省地震局,浙江,其他
99984755,温州市中西医结合医院,浙江,其他
99984784,长兴县人民医院,浙江,其他
99984819,杭州市临安区人民医院,浙江,其他
99983575,重庆市人民医院,重庆,其他
99983647,重庆市环境工程评估中心,重庆,其他
99983684,重庆市江津区疾病预防控制中心,重庆,其他
99983751,重庆出入境检验检疫局检验检疫技术中心,重庆,其他
99984071,重庆三峡中心医院,重庆,其他
99984082,重庆市黔江中心医院,重庆,其他
99984111,重庆市国土资源和房屋勘测规划院,重庆,其他
99984120,重庆市第九人民医院,重庆,其他
99984163,重庆市疾病预防控制中心,重庆,其他
99984192,重庆市气候中心,重庆,其他
99984261,重庆市妇幼保健院,重庆,其他
99984399,重庆市公共卫生医疗救治中心,重庆,其他
99984406,重庆市血液中心,重庆,其他
99984481,重庆市地理信息和遥感应用中心,重庆,其他
99984573,重庆市江津区中心医院,重庆,其他
99984757,重庆市红十字会医院（江北区人民医院）,重庆,其他
99984838,重庆市食品药品检验检测研究院,重庆,其他
73000001,甘肃省人民医院,甘肃,其他
90000074,兰州中心气象台,甘肃,其他
90000193,中国人民解放军联勤保障部队第九四O医院,甘肃,其他
90000980,甘肃省中医院,甘肃,其他
99982777,甘肃省疾病预防控制中心,甘肃,其他
99982824,甘肃省妇幼保健院,甘肃,其他
99983592,定西市人民医院,甘肃,其他
99983797,甘肃省康复中心医院,甘肃,其他
99983803,白银市第一人民医院,甘肃,其他
99983831,甘肃省食品检验研究院,甘肃,其他
99984003,武威市农业机械化综合服务中心,甘肃,其他
99984005,兰州市第一人民医院,甘肃,其他
99984015,甘肃安西极旱荒漠国家级自然保护区管理局,甘肃,其他
99984223,甘肃省地质环境监测院,甘肃,其他
99984253,甘肃省地质调查院,甘肃,其他
99984259,兰州区域气候中心,甘肃,其他
99984513,兰州大学第二医院,甘肃,其他
99984523,兰州大学第一医院,甘肃,其他
99984586,甘肃省药品检验研究院,甘肃,其他
99984612,甘南藏族自治州藏医医院,甘肃,其他
99984666,兰州市第二人民医院,甘肃,其他
51001002,中国人民解放军南部战区总医院,广东,其他
51007008,广东省地震局,广东,其他
51007503,广州海洋地质调查局,广东,其他
51008902,广东省人民医院,广东,其他
51060201,中国人民解放军南部战区空军医院,广东,其他
51503103,汕头市中心医院,广东,其他
51802006,深圳证券交易所,广东,其他
51802007,深圳市疾病预防控制中心,广东,其他
52800004,佛山市第一人民医院,广东,其他
90000068,广州血液中心,广东,其他
90000281,广州市市政工程设计研究总院有限公司,广东,其他
90000719,广东省第二人民医院,广东,其他
90000840,广州市疾病预防控制中心,广东,其他
90000844,深圳市仙湖植物园管理处,广东,其他
99982613,中科院广州化学有限公司,广东,其他
99982651,深圳海关食品检验检疫技术中心,广东,其他
99982653,广东省医学实验动物中心,广东,其他
99982683,深圳市职业病防治院,广东,其他
99982775,深圳市气象局,广东,其他
99982816,深圳市慢性病防治中心,广东,其他
99982854,中山市人民医院,广东,其他
99983110,国家海洋局南海环境监测中心,广东,其他
99983157,国家海洋局南海规划与环境研究院,广东,其他
99983247,广东省第二中医院,广东,其他
99983257,广东省工伤康复中心,广东,其他
99983302,广州市番禺区中心医院,广东,其他
99983330,广东省结核病控制中心,广东,其他
99983606,中山市疾病预防控制中心,广东,其他
99983693,深圳市龙岗区疾病预防控制中心,广东,其他
99983719,珠海市妇幼保健院,广东,其他
99983727,广州市药品检验所,广东,其他
99983739,广东省地质实验测试中心,广东,其他
99983762,惠州市第一人民医院,广东,其他
99983773,珠海市疾病预防控制中心,广东,其他
99983780,中国人民解放军91388部队,广东,其他
99983807,香港大学深圳医院,广东,其他
99983845,深圳市宝安区中心血站,广东,其他
99983846,深圳市数字城市工程研究中心,广东,其他
99983930,云浮市人民医院,广东,其他
99983936,广东省通讯终端产品质量监督检验中心,广东,其他
99983944,梅州市人民医院,广东,其他
99983947,国家海洋局南海调查技术中心,广东,其他
99983951,广州市食品检验所,广东,其他
99984011,阳江市人民医院,广东,其他
99984095,高州市人民医院,广东,其他
99984157,深圳海关动植物检验检疫技术中心,广东,其他
99984200,珠海出入境检验检疫局检验检疫技术中心,广东,其他
99984207,广州市胸科医院,广东,其他
99984356,广东出入境检验检疫局检验检疫技术中心,广东,其他
99984587,中国人民解放军第四二一医院,广东,其他
99984607,深圳市龙岗区妇幼保健院,广东,其他
99984622,深圳市环境监测中心站,广东,其他
99984750,国家超级计算深圳中心,广东,其他
99984808,珠海国际旅行卫生保健中心（拱北海关口岸门诊部）,广东,其他
53000303,广西壮族自治区妇幼保健院,广西,其他
53001207,广西壮族自治区自然博物馆,广西,其他
53002104,广西壮族自治区人民医院,广西,其他
53002109,广西壮族自治区疾病预防控制中心,广西,其他
54500141,柳州市人民医院,广西,其他
90000923,广西壮族自治区江滨医院,广西,其他
99982978,广西壮族自治区动物疫病预防控制中心,广西,其他
99983301,柳州市妇幼保健院,广西,其他
99983368,广西壮族自治区地质调查院,广西,其他
99983730,广西壮族自治区环境监测中心站,广西,其他
99983891,钦州市妇幼保健院,广西,其他
99984051,钦州市第二人民医院,广西,其他
99984147,南宁输血医学研究所,广西,其他
99984149,广西壮族自治区食品药品检验所,广西,其他
99984152,梧州市红十字会医院,广西,其他
99984276,广西壮族自治区计划生育研究中心,广西,其他
99984634,广西壮族自治区产品质量检验研究院,广西,其他
99984737,中国人民解放军联勤保障部队第九二四医院,广西,其他
55000223,贵州省人民医院,贵州,其他
90000220,贵州省疾病预防控制中心,贵州,其他
99983705,贵州省血液中心,贵州,其他
99983713,贵州省计量测试院,贵州,其他
99983835,安顺市人民医院,贵州,其他
99983972,兴义市人民医院,贵州,其他
99983999,贵州省地质矿产勘查开发局,贵州,其他
99984302,黔东南苗族侗族自治州中医医院,贵州,其他
99984567,贵州省第三测绘院,贵州,其他
99984664,贵州省第二人民医院,贵州,其他
99984746,贵阳市第一人民医院,贵州,其他
99984752,贵航贵阳医院,贵州,其他
99984777,贵州省人工影响天气办公室,贵州,其他
57000102,海南省人民医院,海南,其他
90000319,海口市人民医院,海南,其他
90000440,海南省疾病预防控制中心,海南,其他
99983304,中国人民解放军第425医院,海南,其他
99983329,海南省妇幼保健院,海南,其他
99983424,海南省气候中心,海南,其他
99983699,海南省海洋地质调查研究院,海南,其他
99983746,海南省中医院,海南,其他
99983791,海南省第三人民医院,海南,其他
99984137,海南省眼科医院,海南,其他
99984214,海口市疾病预防控制中心,海南,其他
99984258,中国人民解放军第一八七中心医院,海南,其他
99984267,文昌市人民医院,海南,其他
99984371,三亚市中医院,海南,其他
99984428,海南省第五人民医院,海南,其他
99984489,海南省安宁医院,海南,其他
99984491,海南省环境科学研究院,海南,其他
99984514,海南西部中心医院,海南,其他
99984515,三亚市人民医院,海南,其他
99984541,海口市中医医院,海南,其他
05002110,河北省气象局,河北,其他
05007102,河北省人民医院,河北,其他
05008201,中国人民解放军白求恩国际和平医院,河北,其他
99983320,河北省眼科医院,河北,其他
99983757,石家庄市疾病预防控制中心,河北,其他
99983859,石家庄市环境监测中心,河北,其他
99983884,沧州市中心医院,河北,其他
99984086,河北省沧州中西医结合医院,河北,其他
99984108,石家庄市第三医院,河北,其他
99984129,冀中能源邢台矿业集团有限责任公司总医院,河北,其他
99984161,石家庄市第一医院,河北,其他
99984166,河北省疾病预防控制中心,河北,其他
99984346,唐山市工人医院,河北,其他
99984379,邯郸市第一医院,河北,其他
99984459,邢台市人民医院,河北,其他
99984468,廊坊市中医医院,河北,其他
99984478,中国人民解放军第252医院,河北,其他
99984508,河北省地震局,河北,其他
99984536,河北省儿童医院,河北,其他
99984591,河北省胸科医院,河北,其他
99984758,石家庄市第四医院,河北,其他
