,url,title,date
0,1320908.htm,房地产管理部2020年寒假值班表, 2019-12-31
1,1320905.htm,2019年12月已购公有住房上市出售信息公示, 2019-12-31
2,1320542.htm,北京大学图书馆东楼家具招标采购项目结果公示, 2019-12-23
3,1319934.htm,2019年12月教职工住房补贴申请资格公示名单, 2019-12-16
4,1318524.htm,2019年11月已购公有住房上市出售信息公示, 2019-11-29
5,1315686.htm,2019年11月教职工住房补贴申请资格公示名单, 2019-11-14
6,1314982.htm,2019年10月已购公有住房上市出售信息公示, 2019-10-31
7,1314247.htm,2019年10月教职工住房补贴申请资格公示名单, 2019-10-14
8,1314170.htm,北京大学医学部跃进厅咖啡厅承租项目（三次）废标公告, 2019-10-11
9,1313819.htm,2019年9月已购公有住房上市出售信息公示, 2019-09-27
10,1313350.htm,2019年国庆期间房地产管理部值班表, 2019-09-17
11,1313344.htm,2019年9月教职工住房补贴申请资格公示名单, 2019-09-17
12,1313055.htm,北京大学医学部跃进厅咖啡厅承租项目（三次）公开招标公告, 2019-09-09
13,1312950.htm,2019年8月已购公有住房上市出售信息公示, 2019-09-05
14,1312208.htm,2019年7月已购公有住房上市出售信息公示, 2019-07-31
15,1311740.htm,北京大学勺园5甲自动贩卖机招商租赁项目招标结果公告, 2019-07-11
16,1311738.htm,北京大学校内29号楼师生配套生活服务招商租赁项目评标结果公告, 2019-07-11
17,1311739.htm,北京大学新太阳学生中心地下二层超市招商租赁项目评标结果公告, 2019-07-11
18,1311737.htm,北京大学畅春新园打印店招商租赁项目评标结果公告, 2019-07-11
19,1311736.htm,北京大学36号楼102室洗衣房招商租赁项目评标结果公告, 2019-07-11
20,1311398.htm,房地产管理部2019年暑假值班表…, 2019-06-28
21,1311392.htm,2019年6月已购公有住房上市出售信息公示, 2019-06-28
22,1311112.htm,北京大学畅春新园打印店招商租赁项目招标公告, 2019-06-21
23,1311108.htm,北京大学新太阳学生中心地下二层超市招商租赁项目, 2019-06-21
24,1311107.htm,北京大学校内29号楼师生配套生活服务招商租赁项目, 2019-06-21
25,1311105.htm,北京大学勺园5甲自动贩卖机招商租赁项目招标公告, 2019-06-21
26,1311102.htm,北京大学36号楼102室洗衣房招商租赁项目招标公告, 2019-06-21
27,1310468.htm,2019年6月教职工住房补贴申请资格公示名单, 2019-06-14
28,1305909.htm,2019年5月已购公有住房上市出售信息公示, 2019-05-31
29,1305715.htm,房地产管理部招聘1名劳动合同制行政人员, 2019-05-29
30,1304340.htm,2019年5月教职工住房补贴申请资格公示名单, 2019-05-16
31,1303592.htm,2019年4月已购公有住房上市出售信息公示, 2019-05-07
32,1302740.htm,2019年劳动节放假值班表, 2019-04-23
33,1301276.htm,2019年4月教职工住房补贴申请资格公示名单, 2019-04-16
34,1300548.htm,2019年3月已购公有住房上市出售信息公示…, 2019-04-01
35,1299886.htm,2019年3月教职工住房补贴申请资格公示名单, 2019-03-18
36,1299201.htm,2019年2月已购公有住房上市出售信息公示, 2019-03-01
37,1299200.htm,2019年1月已购公有住房上市出售信息公示, 2019-01-31
38,1299199.htm,北京大学45甲地下生活服务区美发美甲招商租赁项目评标结果公告, 2019-01-14
39,1299198.htm,北京大学校内快递服务中心招商租赁项目评标结果公告, 2019-01-14
40,1299197.htm,北京大学45甲地上生活服务区洗衣房招商租赁项目评标结果公告, 2019-01-14
41,1299195.htm,北京大学29楼生活服务区杂货店招商租赁项目评标结果公告, 2019-01-14
42,1299196.htm,北京大学43号楼、生命科学楼、财务部大楼四处自助式咖啡机招商租赁…, 2019-01-14
43,1299194.htm,房地产管理部2019年寒假带值班计划, 2019-01-10
44,1299193.htm,2018年12月已购公有住房上市出售信息公示, 2018-12-31
45,1299192.htm,2018年12月教职工住房补贴申请资格公示名单, 2018-12-19
46,1299191.htm,北京大学校内快递服务中心招商租赁项目招标公告, 2018-12-18
47,1299189.htm,北京大学45甲地下生活服务区美发美甲招商租赁项目招标公告, 2018-12-18
48,1299190.htm,北京大学43号楼、生命科学楼、财务部、王克贞楼311会议室门口四处自…, 2018-12-18
49,1299188.htm,北京大学45甲地上生活服务区洗衣房招商租赁项目招标公告, 2018-12-18
50,1299187.htm,北京大学29楼生活服务区杂货店招商租赁项目公开招标公告, 2018-12-18
51,1299186.htm,2018年11月已购公有住房上市出售信息公示, 2018-11-30
52,1299185.htm,2018年11月教职工住房补贴申请资格公示名单, 2018-11-16
53,1299184.htm,2018年10月已购公有住房上市出售信息公示, 2018-10-31
54,1293973.htm,2018年10月教职工住房补贴申请资格公示名单, 2018-10-15
55,1299182.htm,2018年9月已购公有住房上市出售信息公示, 2018-09-28
56,1293972.htm,2018年9月已购公有住房上市出售信息公示, 2018-09-28
57,1293971.htm,2018年9月教职工住房补贴申请资格公示名单, 2018-09-17
58,1293970.htm,2018年8月已购公有住房上市出售信息公示, 2018-09-04
59,1293969.htm,2018年7月已购公有住房上市出售信息公示, 2018-07-31
60,1293967.htm,北京大学29楼生活服务区西式快餐店及文具店招商租赁项目评标结果…, 2018-07-10
61,1293968.htm,北京大学45甲地下生活服务区餐饮、图文、商品零售店招商租赁项目评…, 2018-07-10
62,1293966.htm,房地产管理部2018年暑假带值班计划, 2018-07-09
63,1293965.htm,2018年6月已购公有住房上市出售信息公示, 2018-07-02
64,1293964.htm,北京大学45甲地下生活服务区餐饮、图文、商品零售店招商租赁项目招…, 2018-06-22
65,1293313.htm,2018年1月已购公有住房上市出售信息公示, 2018-02-02
66,1293312.htm,房地产管理部2018年寒假带值班计划, 2018-01-02
67,1293311.htm,2017年12月已购公有住房上市出售信息公示, 2018-01-02
68,1293310.htm,2017年12月教职工住房补贴申请资格公示名单, 2017-12-20
69,2594.htm,北京大学燕东园生活超市招商租赁项目（二次）评标结果公告, 2017-12-06
70,2590.htm,2017年11月已购公有住房上市出售信息公示, 2017-12-05
71,2589.htm,2017年11月教职工住房补贴申请资格公示名单, 2017-11-21
72,2588.htm,房地产管理部招聘劳动合同制职工, 2017-11-10
73,2587.htm,北京大学燕东园生活超市招商租赁项目（二次）公开招标公告, 2017-11-07
74,2586.htm,2017年10月已购公有住房上市出售信息公示, 2017-11-01
75,2581.htm,北京大学燕东园生活超市招商租赁项目评标结果公告, 2017-10-26
76,2582.htm,北京大学校内45甲地下师生配套生活服务招商租赁项目(二次）六、八、…, 2017-10-26
77,2583.htm,北京大学校内45甲地下师生配套生活服务招商租赁项目(二次）第七包…, 2017-10-26
78,2584.htm,北京大学校内45甲地下师生配套生活服务国际快递招商租赁项目评标…, 2017-10-26
79,2585.htm,北京大学29号楼生活服务区文体用品商店招商租赁项目评标结果公告, 2017-10-26
80,2580.htm,2017年10月教职工住房补贴申请资格公示名单, 2017-10-16
81,2579.htm,2017年9月已购公有住房上市出售信息公示, 2017-10-09
82,2578.htm,房地产管理部2017国庆节值班通知, 2017-09-29
83,2572.htm,北京大学校内45甲地下师生配套生活服务（6包件礼品纪念品商店）招商…, 2017-09-22
84,2573.htm,北京大学燕东园生活超市招商租赁项目公开招标公告, 2017-09-22
85,2574.htm,北京大学校内45甲地下师生配套生活服务招商租赁项目（二次）公开招…, 2017-09-22
86,2575.htm,北京大学校内45甲地下师生配套生活服务国际快递招商租赁项目公开…, 2017-09-22
87,2576.htm,北京大学29号楼生活服务区文体用品商店招商租赁项目公开招标公告, 2017-09-22
88,2577.htm,北京大学燕东园生活超市招商租赁项目变更公告, 2017-09-22
89,2474.htm,2017年9月教职工住房补贴申请资格公示名单, 2017-09-15
90,2475.htm,2017年8月已购公有住房上市出售信息公示, 2017-09-01
91,2476.htm,2017年7月已购公有住房上市出售信息公示, 2017-07-30
92,2477.htm,房地产管理部2017暑假值班表, 2017-07-05
93,2478.htm,2017年6月已购公有住房上市出售信息公示, 2017-06-30
94,2473.htm,北京大学校内45甲地下师生配套生活服务招商租赁项目中标公告, 2017-06-22
95,2479.htm,北京大学校内45甲地下师生配套生活服务招商租赁项目竞争性磋商结…, 2017-06-22
96,2480.htm,北京大学邱德拔体育馆便利店、五四体育场便利店及45甲地下生活超市…, 2017-06-22
97,2481.htm,北京大学校内教学楼区域及45甲地下五处师生服务区便利店招商租赁…, 2017-06-22
98,2472.htm,2017年6月教职工住房补贴申请资格公示名单, 2017-06-15
99,2471.htm,关于肖家河教师住宅购房人第二批公积金贷款面签事宜的通知, 2017-06-09
100,2470.htm,北京大学创新创业中心咖啡厅租赁项目（二次）评标情况报告, 2017-06-05
101,2467.htm,北京大学校内45甲地下师生配套生活服务招商租赁项目公开招标公告, 2017-06-02
102,2468.htm,北京大学校内教学楼区域及45甲地下五处师生服务区便利店招商租赁…, 2017-06-02
103,2469.htm,北京大学邱德拔体育馆便利店、五四体育场便利店及45甲地下生活超市…, 2017-06-02
104,2466.htm,2017年5月已购公有住房上市出售信息公示, 2017-05-31
105,2465.htm,2017年5月教职工住房补贴申请资格公示名单, 2017-05-15
106,2482.htm,北京大学创新创业中心咖啡厅租赁项目（二次）公开招标公告, 2017-05-12
107,2483.htm,北京大学创新创业中心咖啡厅租赁项目评标情况公告, 2017-05-08
108,2484.htm,2017年4月已购公有住房上市出售信息公示, 2017-04-28
109,2485.htm,北京大学创新创业中心咖啡厅租赁项目公开招标公告, 2017-04-19
110,2486.htm,2017年4月教职工住房补贴申请资格公示名单, 2017-04-14
111,2487.htm,2017年3月已购公有住房上市出售信息公示, 2017-04-05
112,2488.htm,2017年3月教职工住房补贴申请资格公示名单, 2017-03-15
113,2489.htm,2017年2月已购公有住房上市出售信息公示, 2017-03-01
114,2490.htm,关于肖家河教师住宅购房人公积金贷款面签事宜的通知, 2017-02-22
115,2491.htm,2017年1月已购公有住房上市出售信息公示, 2017-02-16
116,2492.htm,北京大学新太阳学生中心地下二层超市招商租赁项目（二次）中标公告, 2017-01-19
117,2493.htm,2016年12月已购公有住房上市出售信息公示, 2017-01-17
118,2494.htm,房地产管理部2017寒假值班表, 2017-01-16
119,2495.htm,北京大学新太阳学生中心地下二层超市招商租赁项目（二次）公开招标…, 2017-01-03
120,2496.htm,北京大学新太阳学生中心地下二层超市招商租赁项目评标情况公告, 2016-12-28
121,2497.htm,2016年12月教职工住房补贴申请资格公示名单, 2016-12-16
122,2498.htm,北京大学新太阳学生中心招商租赁项目招标公告, 2016-12-13
123,2464.htm,北京大学校内29号楼地下5号铺招标租赁项目竞争性磋商结果公告, 2016-12-08
124,2499.htm,北京大学第二教学楼咖啡饮品档口租赁项目竞争性磋商结果公告, 2016-12-08
125,2463.htm,2016年11月已购公有住房上市出售信息公示, 2016-12-01
126,2462.htm,北京大学第二教学楼咖啡饮品档口租赁项目公开招标公告, 2016-11-23
127,2461.htm,北京大学政府管理学院咖啡厅租赁项目竞争性磋商结果公告, 2016-11-17
128,2460.htm,2016年11月教职工住房补贴申请资格公示名单, 2016-11-15
129,2459.htm,2016年10月已购公有住房上市出售信息公示, 2016-11-01
130,2458.htm,北京大学政府管理学院咖啡厅租赁项目公开招标公告, 2016-10-18
131,2457.htm,2016年10月教职工住房补贴申请资格公示名单, 2016-10-14
132,2455.htm,北京大学五道口商业用房招商租赁项目中标公告, 2016-10-13
133,2456.htm,圆明园铁质家具报废招标通告, 2016-10-13
134,2454.htm,2016年9月已购公有住房上市出售信息公示, 2016-09-30
135,2453.htm,北京大学五道口商业用房招商租赁项目公开招标公告, 2016-09-20
136,2452.htm,2016年9月教职工住房补贴申请资格公示名单, 2016-09-16
137,2451.htm,2016年8月已购公有住房上市出售信息公示, 2016-09-02
138,2450.htm,2016年7月已购公有住房上市出售信息公示, 2016-07-29
139,2449.htm,北京大学校内29号楼师生配套生活服务招商租赁项目中标公告, 2016-07-22
140,2448.htm,北京大学校内29号楼师生配套生活服务招商租赁项目公开招标公告, 2016-07-08
141,2447.htm,房地产管理部2016暑假值班表, 2016-07-06
142,2446.htm,2016年6月已购公有住房上市出售信息公示, 2016-06-30
143,2445.htm,2016年6月教职工住房补贴申请资格公示名单, 2016-06-15
144,2444.htm,2016年5月已购公有住房上市出售信息公示, 2016-06-02
145,2443.htm,关于家具清查工作的通知, 2016-05-24
146,2442.htm,2016年5月教职工住房补贴申请资格公示名单, 2016-05-16
147,2441.htm,2016年4月已购公有住房上市出售信息公示, 2016-05-04
148,2440.htm,2016年4月教职工住房补贴申请资格公示名单, 2016-04-15
149,2439.htm,2016年3月已购公有住房上市出售信息公示, 2016-04-01
150,2438.htm,2016年3月教职工住房补贴申请资格公示名单, 2016-03-15
151,2437.htm,2016年2月已购公有住房上市出售信息公示, 2016-02-29
152,2436.htm,2016年1月已购公有住房上市出售信息公示, 2016-01-31
153,2435.htm,房地产管理部2016寒假值班表, 2016-01-14
154,2434.htm,2015年12月已购公有住房上市出售信息公示, 2015-12-31
155,2433.htm,2015年12月教职工住房补贴申请资格公示名单, 2015-12-17
156,2432.htm,2015年11月已购公有住房上市出售信息公示, 2015-11-30
157,2431.htm,关于肖家河教师住宅申购服务系统使用的提示, 2015-11-21
158,2430.htm,关于启动肖家河教师住宅配售工作的通知, 2015-11-20
159,2429.htm,2015年11月教职工住房补贴申请资格公示名单, 2015-11-17
160,2500.htm,2015年10月已购公有住房上市出售信息公示, 2015-10-30
161,2501.htm,2015年10月教职工住房补贴申请资格公示名单, 2015-10-15
162,2502.htm,房地产管理部搬迁公告, 2015-10-07
163,2503.htm,2015年9月已购公有住房上市出售信息公示, 2015-09-29
164,2504.htm,2015年9月教职工住房补贴申请资格公示名单, 2015-09-16
165,2505.htm,2015年8月已购公有住房上市出售信息公示, 2015-08-31
166,2506.htm,2015年7月已购公有住房上市出售信息公示, 2015-07-30
167,2507.htm,房地产管理部2015年暑假值班表, 2015-07-16
168,2508.htm,2015年7月教职工住房补贴申请资格公示名单, 2015-07-16
169,2509.htm,2015年6月已购公有住房上市出售信息公示, 2015-07-01
170,2510.htm,2015年6月教职工住房补贴申请资格公示名单, 2015-06-16
171,2511.htm,2015年5月已购公有住房上市出售信息公示, 2015-05-29
172,2512.htm,2015年5月教职工住房补贴申请资格公示名单, 2015-05-15
173,2513.htm,2015年4月已购公有住房上市出售信息公示, 2015-04-30
174,2514.htm,2015年4月教职工住房补贴申请资格公示名单, 2015-04-15
175,2515.htm,2015年3月已购公有住房上市出售信息公示, 2015-03-31
176,2516.htm,关于2014至2015年度供暖费报销服务截止时间的最后通知, 2015-03-16
177,2517.htm,2015年3月教职工住房补贴申请资格公示名单, 2015-03-13
178,2518.htm,北京大学房地产管理部工作人员招聘启事, 2015-03-10
179,2519.htm,关于2014-2015年度供暖费报销服务截止时间的通知, 2015-02-27
180,2520.htm,2015年2月已购公有住房上市出售信息公示, 2015-02-27
181,2521.htm,2015年1月教职工住房补贴申请资格公示, 2015-01-12
182,2522.htm,房地产管理部2015年寒假轮休值班安排, 2015-01-09
183,2523.htm,2014年12月已购公有住房上市出售信息公示, 2014-12-31
184,2524.htm,关于暂停报销供暖费服务的通知, 2014-12-25
185,2525.htm,2014年12月教职工住房补贴申请资格公示, 2014-12-16
186,2526.htm,2014年11月已购公有住房上市出售信息公示, 2014-11-28
187,2527.htm,2014年11月教职工住房补贴申请资格公示, 2014-11-17
188,2528.htm,北京大学高访公寓精装修（三期）工程招标公告, 2014-11-15
189,2529.htm,2014年10月已购公有住房上市出售信息公示, 2014-11-02
190,2530.htm,2014年9月已购公有住房上市出售信息公示, 2014-09-30
191,2531.htm,北京大学家属园区公共楼道塑钢窗招标采购项目（三期）招标公告, 2014-09-17
192,2532.htm,2014年9月教职工住房补贴申请资格公示名单, 2014-09-15
193,2533.htm,2014年7-8月已购公有住房上市出售信息公示, 2014-09-05
194,2534.htm,关于领取五道口嘉园房屋产权证的通知, 2014-07-01
195,2535.htm,2014年6月已购公有住房上市出售信息公示, 2014-06-30
196,2536.htm,2014年6月教职工住房补贴申请资格公示名单, 2014-06-17
197,2537.htm,北京大学家属园区公共楼道塑钢窗招标采购项目（三期）招标公告, 2014-06-13
198,2538.htm,关于领取五道口嘉园房屋产权证的通知, 2014-06-12
199,2539.htm,2014年5月已购公有住房上市出售信息公示, 2014-05-30
200,2540.htm,2014年5月教职工住房补贴申请资格公示名单, 2014-05-13
201,2541.htm,北京大学资源西楼顶层屋面防水改造工程招标公告, 2014-05-06
202,2542.htm,2014年4月已购公有住房上市出售信息公示, 2014-04-30
203,2543.htm,2014年4月教职工住房补贴申请资格公示名单, 2014-04-15
204,2544.htm,2014年3月已购公有住房上市出售信息公示, 2014-03-27
205,1293322.htm,关于第三批领取五道口嘉园房屋产权证的通知, 2014-03-12
206,2545.htm,2014年3月教职工住房补贴申请资格公示名单, 2014-03-11
207,2546.htm,关于教师公寓集中调配工作有关事项的通知, 2014-03-04
208,2547.htm,2014年2月已购公有住房上市出售信息公示, 2014-02-28
209,2548.htm,2014年1月已购公有住房上市出售信息公示, 2014-01-22
210,2549.htm,2014年寒假对外办公时间安排, 2014-01-14
211,2550.htm,北京大学已购公有住房上市出售管理暂行办法, 2014-01-14
212,2551.htm,北京大学已购公有住房上市出售办理流程, 2014-01-14
213,2552.htm,2014年1月教职工住房补贴申请资格公示名单, 2014-01-13
214,2553.htm,关于领取五道口嘉园房屋产权证的通知, 2014-01-09
215,2554.htm,2013年12月教职工住房补贴申请资格公示名单, 2013-12-13
216,2555.htm,关于发布《教师公寓申请调整选房排队名单》的通知, 2013-12-11
217,2556.htm,2013年11月教职工住房补贴申请资格公示名单, 2013-11-18
218,2557.htm,关于发布教师公寓选房结果的通知, 2013-10-15
219,2558.htm,2013年10月教职工住房补贴申请资格公示名单, 2013-10-15
220,2559.htm,北京大学中关园土冰箱维修工程招标公告, 2013-09-27
221,2560.htm,北京大学教师公寓简装检修（三期）工程招标公告, 2013-09-20
222,2561.htm,关于发布《教师公寓申请入住选房排队名单》的通知, 2013-09-17
223,2562.htm,2013年9月教职工住房补贴申请资格公示名单, 2013-09-13
224,2563.htm,关于教师公寓申请入住工作有关事项的通知, 2013-09-05
225,2564.htm,北京大学高访公寓精装修工程招标公告, 2013-07-22
226,2565.htm,2013年7月教职工住房补贴申请资格公示名单, 2013-07-11
227,2566.htm,关于暑假期间房屋维修报修的通知, 2013-07-11
228,2567.htm,关于集中申请入住教师公寓的通知, 2013-06-17
229,2568.htm,2013年6月教职工住房补贴申请资格公示名单, 2013-06-14
230,2569.htm,北京大学教师公寓简装检修工程标段二招标公告, 2013-06-03
231,2570.htm,北京大学教师公寓简装检修工程标段一招标公告, 2013-06-03
232,2571.htm,北京大学朗润园9-12公寓挑顶工程招标公告, 2013-05-28
233,2428.htm,北京大学家属园区公共楼道塑钢窗招标采购项目招标公告, 2013-05-23
234,2427.htm,关于开展教师公寓集中申请和调配工作的通知, 2013-05-16
235,2426.htm,2013年5月教职工住房补贴申请资格公示名单, 2013-05-13
236,2425.htm,2013年4月教职工住房补贴申请资格公示名单, 2013-04-16
237,2424.htm,2013年3月教职工住房补贴申请资格公示名单, 2013-03-18
238,2422.htm,关于寒假期间房屋维修报修的通知, 2013-01-22
239,2423.htm,关于寒假办理因五道口购房腾退原住房手续的通知, 2013-01-22
240,2421.htm,2013年1月教职工住房补贴申请资格公示名单, 2013-01-14
241,2419.htm,北京大学中关园教师公寓简装检修工程招标公告, 2013-01-11
242,2420.htm,北京大学燕北园教师公寓简装检修工程招标公告, 2013-01-11
243,2418.htm,2012年12月教职工住房补贴申请资格公示名单, 2012-12-14
244,2417.htm,2012年11月教职工住房补贴申请资格公示名单, 2012-11-14
245,2416.htm,关于五道口教师住宅购房人办理原房腾退手续的须知, 2012-10-31
246,2415.htm,关于五道口教师住宅“燃气入户相关检验”的通知, 2012-10-26
247,2414.htm,北京大学家属园区公共楼道塑钢窗招标采购项目招标公告, 2012-10-25
248,2413.htm,2012年10月教职工住房补贴申请资格公示名单, 2012-10-15
249,2412.htm,2012[家具 03]-- 北京大学保卫部办公家具招标采购项目结果公示, 2012-10-11
250,2411.htm,北京大学高访公寓精装修工程招标公告, 2012-09-25
251,2410.htm,北京大学保卫部办公家具招标采购项目招标公告, 2012-09-14
252,2409.htm,北京大学家属园区公共楼道粉刷工程招标公告, 2012-09-11
253,2408.htm,2012年7月教职工住房补贴申请资格公示名单, 2012-07-18
254,2406.htm,北京大学信息科学技术学院理科二号楼教室影剧院式排椅招标采购项…, 2012-07-05
255,2407.htm,北京大学总务部学生宿舍家具招标采购项目招标结果公示, 2012-07-05
256,2404.htm,北京大学总务部学生宿舍家具招标采购项目招标公告, 2012-06-15
257,2405.htm,信息科学技术学院理科二号楼教室影剧院式排椅招标采购项目招标公…, 2012-06-15
258,2403.htm,教师公寓申请资格公示（2012年4月16日）, 2012-04-16
259,2402.htm,教师公寓申请资格公示（2012年4月9日）, 2012-04-09
260,1293323.htm,关于五道口教师住宅认购签约的通知, 2012-03-29
261,1293316.htm,银行个人住房贷款业务介绍, 2012-03-27
262,1293317.htm,康正公司关于产权代理服务相关说明, 2012-03-27
263,1293318.htm,附表2：网签信息登记表, 2012-03-27
264,1293320.htm,法政公司关于五道口经济适用房网上签约办理须知, 2012-03-27
265,1293321.htm,附表1：家庭购房申请表, 2012-03-27
266,1293324.htm,五道口经济适用房购房贷款案例, 2012-03-27
267,1293325.htm,办理公积金贷款的说明, 2012-03-27
268,2401.htm,教师公寓申请资格公示（2012年3月26日）, 2012-03-26
269,2400.htm,2012年3月教职工住房补贴申请资格公示名单, 2012-03-15
270,2399.htm,教师公寓申请资格公示（2012年3月12日）, 2012-03-12
271,2398.htm,教师公寓申请资格公示（2012年3月5日）, 2012-03-05
272,2397.htm,关于报销供暖费的通知, 2012-02-29
273,2396.htm,教师公寓申请资格公示（2012年2月27日）, 2012-02-27
274,1293315.htm,关于五道口教师住宅“燃气入户相关检验”的通知, 2012-02-26
275,2395.htm,教师公寓申请资格公示（2012年2月20日）, 2012-02-20
276,2394.htm,2012年1-2月教职工住房补贴申请资格公示名单, 2012-02-17
277,2393.htm,2011年12月教职工住房补贴申请资格公示, 2011-12-14
278,2392.htm,教师公寓申请资格公示（2011年12月12日）, 2011-12-13
279,2391.htm,教师公寓申请资格公示（2011年12月5日）, 2011-12-05
280,2390.htm,教师公寓申请资格公示（2011年11月28日）, 2011-11-28
281,2388.htm,教师公寓申请资格公示（2011年2月21日）, 2011-11-23
282,2389.htm,2011年3月住房补贴公示名单, 2011-11-23
283,2387.htm,教师公寓申请资格公示（2011年11月21日）, 2011-11-21
284,2385.htm,教师公寓申请资格公示（2011年11月14日）, 2011-11-14
285,2386.htm,2011年11月教职工住房补贴申请资格公示, 2011-11-14
286,2384.htm,教师公寓申请资格公示（2011年11月7日）, 2011-11-07
287,2383.htm,教师公寓申请资格公示（2011年10月31日）, 2011-10-31
288,2382.htm,教师公寓申请资格公示（2011年10月24日）, 2011-10-25
289,2381.htm,教师公寓申请资格公示(2011年10月17日), 2011-10-17
290,2379.htm,关于开展已购西二旗智学苑小区住房产权信息登记工作的通知, 2011-10-13
291,2380.htm,教职工住房补贴申请资格公示, 2011-10-13
292,2378.htm,关于开展已购西二旗智学苑小区住房产权信息登记工作的通知, 2011-09-30
293,2377.htm,教师公寓申请资格公示(2011年9月26日), 2011-09-27
294,2376.htm,北京大学家属园区公共楼道粉刷工程招标公告, 2011-09-22
295,2375.htm,教师公寓申请资格公示(2011年9月19日), 2011-09-20
296,2374.htm,2011年9月教职工住房补贴申请资格公示名单, 2011-09-14
297,2373.htm,教师公寓申请资格公示(2011年9月13日）, 2011-09-13
298,2371.htm,教师公寓申请资格公示（2011年9月5日）, 2011-09-05
299,2372.htm,关于“北京城建·筑华年”项目商品住房团购补报名的通知, 2011-09-05
300,2370.htm,教师公寓申请资格公示（2011年8月29日）, 2011-08-29
301,2369.htm,教师公寓申请资格公示（2011年8月22日）, 2011-08-22
302,2368.htm,关于“北京城建·筑华年”项目商品住房团购报名的通知, 2011-07-09
303,2367.htm,关于组织团购“北京城建·筑华年”项目商品住房的通知, 2011-07-06
304,2366.htm,2011年7月教职工住房补贴申请资格公示名单, 2011-07-05
305,2365.htm,教师公寓申请资格公示（2011年6月27日）, 2011-06-27
306,2364.htm,教师公寓申请资格公示（2011年6月20日）, 2011-06-20
307,2363.htm,2011年6月教职工住房补贴申请资格公示名单, 2011-06-14
308,2362.htm,教师公寓申请资格公示（2011年5月30日）, 2011-05-30
309,2361.htm,北京大学高访公寓精装修工程招标公告, 2011-05-27
310,2360.htm,教师公寓申请资格公示（2011年5月23日）, 2011-05-23
311,2358.htm,2011年5月教职工住房补贴申请资格公示名单, 2011-05-16
312,2359.htm,教师公寓申请资格公示（2011年5月16日）, 2011-05-16
313,2357.htm,教师公寓申请资格公示（2011年5月3日）, 2011-05-03
314,2356.htm,教师公寓申请资格公示（2011年4月25日）, 2011-04-25
315,2355.htm,教师公寓申请资格公示（2011年4月18日）, 2011-04-18
316,2354.htm,教师公寓申请资格公示（2011年4月7日）, 2011-04-07
317,2353.htm,教师公寓申请资格公示（2011年3月21日）, 2011-03-21
318,2352.htm,教师公寓申请资格公示（2011年3月14日）, 2011-03-14
319,2351.htm,教师公寓申请资格公示（2011年3月7日）, 2011-03-07
320,2350.htm,教师公寓申请资格公示（2011年2月28日）, 2011-02-28
321,2347.htm,人民防空知识竞赛获奖名单, 2011-02-21
322,2348.htm,人民防空知识竞赛及微博文大赛领奖须知, 2011-02-21
323,2349.htm,北京大学庆祝人民防空创立60周年微博文大赛获奖名单, 2011-02-21
324,2346.htm,人民防空知识竞赛获奖名单, 2011-01-12
325,2344.htm,关于开展人民防空知识竞赛的通知, 2010-12-21
326,2345.htm,关于开展庆祝人民防空创立60周年微博文大赛的通知, 2010-12-21
327,2343.htm,关于家具资产管理信息系统使用培训的通知, 2010-12-14
328,2342.htm,关于校本部全面实行《北京大学家具管理暂行办法》（校发[2009]217号…, 2010-04-14
329,2341.htm,关于购买限价商品住房教职工供暖费报销工作的通知, 2010-03-22
330,2340.htm,关于购买北京市限价商品住房家庭原住房腾退事宜的通知, 2009-11-02
331,2339.htm,关于发放蓝旗营小区房产证的通知, 2009-10-30
332,2338.htm,关于购买北京市限价商品住房家庭原住房腾退事宜的通知, 2009-10-26
333,2337.htm,关于办理蓝旗营房产证有关事项的通知, 2009-09-25
334,2336.htm,关于法学楼内各有关院系和单位办公地址搬迁的公告, 2009-09-07
335,2335.htm,关于法学楼内各有关院系和单位办公地址搬迁的公告, 2009-09-04
336,2334.htm,关于上报各单位家具管理负责人名单的通知, 2009-07-03
337,2333.htm,关于家具管理有关事项的通知, 2009-06-16
338,2332.htm,紧急通知:请校内各单位速到校办收发室领取申请购买通州区限价商品…, 2009-05-15
339,2331.htm,领表通知, 2008-10-30
340,2330.htm,关于领取产权证通知, 2008-10-23
341,2329.htm,关于申请限价房老师办理入户调查相关手续的预通知, 2008-08-04
342,2328.htm,关于组织教职工申请购买限价商品房的紧急通知, 2008-07-25
343,2327.htm,关于本人为独生子女的教职工带外地父母共同申请限价商品房的紧急…, 2008-07-18
344,2326.htm,关于领取《蓝旗营集资购房教职工住房补贴核对确认表》的通知, 2008-03-20
345,2325.htm,关于蓝旗营集资购房教职工填表过程中有关情况的说明, 2007-11-01
346,2324.htm,关于组织蓝旗营集资建房购房教职工填表的通知, 2007-10-29
347,2323.htm,关于领取《住房情况登记表》和《住房补贴申请审核表》的通知, 2007-10-26
348,2322.htm,重要通知：关于2007年9月发放教职工住房补贴的情况说明, 2007-09-18
349,2321.htm,"重要通知：关于住房补贴的公示通知,请各单位到校办收发室领取。", 2007-07-13
350,2320.htm,北京大学关于发放蓝旗营房屋产权证的通知, 2007-02-05
351,2319.htm,紧急通知---关于办理蓝旗营房屋产权证的通知, 2007-01-12
352,2318.htm,2006年12月住房补贴发放情况说明, 2007-01-02
353,2316.htm,对符合发放住房补贴资格的教职工进行名单公示的通知, 2006-12-19
354,2317.htm,紧急通知----关于领取公示名单的通知, 2006-12-19
355,2315.htm,紧急通知——关于部分《中央在京单位职工住房情况登记表》返回重新填…, 2006-12-11
356,2314.htm,关于组织部分教职工填写住房情况登记表、住房补贴申请审核表的通知, 2006-11-01
357,2313.htm,紧急会议通知——“住房补贴发放工作布置暨宣传会”, 2006-10-30
